PRAGMA foreign_keys=OFF;
BEGIN TRANSACTION;
CREATE TABLE rules (
	id INTEGER NOT NULL,
	name VARCHAR(255) NOT NULL,
	field_mapping TEXT, 
	extract_config TEXT, 
	request_config TEXT, 
	list_selector_type VARCHAR(50), 
	list_selector VARCHAR(1000), 
	list_item_selector VARCHAR(1000), 
	detail_url_pattern VARCHAR(1000), 
	title_selector_type VARCHAR(50), 
	title_selector VARCHAR(1000), 
	content_selector_type VARCHAR(50), 
	content_selector VARCHAR(1000), 
	author_selector_type VARCHAR(50), 
	author_selector VARCHAR(1000), 
	publish_time_selector_type VARCHAR(50), 
	publish_time_selector VARCHAR(1000), 
	cover_image_selector VARCHAR(1000), 
	exclude_patterns TEXT, 
	auth_type VARCHAR(50), 
	auth_config TEXT, 
	proxy_config VARCHAR(500), 
	delay_min INTEGER, 
	delay_max INTEGER, 
	user_agent VARCHAR(500), 
	status VARCHAR(20), 
	cron_expression VARCHAR(100), 
	created_at DATETIME,
	updated_at DATETIME,
	strategy VARCHAR(50) DEFAULT "auto",
	render VARCHAR(20),
	content_type VARCHAR(20),
	PRIMARY KEY (id)
);
INSERT INTO rules VALUES(1,'IoT Business News','https://iotbusinessnews.com/',NULL,'{"list": {"url": "https://iotbusinessnews.com/", "selector": "li.post", "max_items": 10, "item_fields": {"url": {"selector": "h2 a", "attr": "href"}, "title": {"selector": "h2 a", "type": "text"}}}, "detail": {"title": {"selector": "h1", "type": "text"}, "content": {"selector": "main", "type": "html"}}}',NULL,'css',NULL,NULL,NULL,'css',NULL,'css',NULL,'css',NULL,'css',NULL,NULL,NULL,NULL,NULL,'none',NULL,NULL,1,3,NULL,'enabled',NULL,'2026-03-18 03:08:23.022511','2026-03-20 06:27:52.127051','auto','browser','html');
INSERT INTO rules VALUES(2,'Pakistan Today Profit','https://profit.pakistantoday.com.pk/',NULL,'{"list": {"url": "https://profit.pakistantoday.com.pk/", "selector": ".tdb_module_header", "max_items": 5, "item_fields": {"url": {"selector": "a[href*=\"/2026/\"]", "attr": "href"}, "title": {"selector": "h3 a", "type": "text"}}}, "detail": {"title": {"selector": "h1", "type": "text"}, "author": {"selector": "a[href*=\"/author/\"]", "type": "text"}, "content": {"selector": ".entry-content", "type": "html"}}}',NULL,'css',NULL,NULL,'.*/\d{4}/\d{2}/\d{2}/.*','css',NULL,'css',NULL,'css',NULL,'css',NULL,NULL,NULL,NULL,NULL,'none',NULL,NULL,2,5,NULL,'enabled',NULL,'2026-03-19 10:14:20.940174','2026-03-20 06:12:43.802531','auto','browser','html');
INSERT INTO rules VALUES(3,'GitHub Trending 热门项目','https://github.com/trending',NULL,'{"list": {"url": "https://github.com/trending", "selector": "article.Box-row", "attr": "href", "max_items": 10, "item_fields": {"title": {"selector": "h2 a", "type": "text"}, "description": {"selector": "p", "type": "text"}, "language": {"selector": "[itemprop=''programmingLanguage'']", "type": "text"}, "stars": {"selector": "a[href*=''/stargazers'']", "type": "text"}, "today_stars": {"selector": ".float-sm-right", "type": "text"}, "url": {"selector": "h2 a", "attr": "href"}}}, "detail": {"title": {"selector": "h1", "type": "text"}, "description": {"selector": "[itemprop=''description'']", "type": "text"}, "content": {"selector": ".repository-content", "type": "html"}, "stars": {"selector": "[href=''/${owner}/${repo}/*/stargazers'']", "type": "text"}, "forks": {"selector": "[href=''/${owner}/${repo}/*/forks'']", "type": "text"}, "author": {"selector": "a[rel=''author'']", "type": "text"}}}',NULL,'css',NULL,NULL,'https://github\.com/[\w\-\.]+/[\w\-\.]+','css',NULL,'css',NULL,'css',NULL,'css',NULL,NULL,'["/topics/", "/collections/", "/trending/", "/search?q="]',NULL,NULL,'none',NULL,NULL,2,5,'Mozilla/5.0 (Macintosh; Intel Mac OS X 10_15_7) AppleWebKit/537.36 (KHTML, like Gecko) Chrome/120.0.0.0 Safari/537.36','enabled',NULL,'2026-03-20 02:16:44.720330','2026-03-20 05:44:24.932604','html_list','browser','html');
INSERT INTO rules VALUES(4,'GitHub 每日开源排行榜','https://raw.githubusercontent.com/OpenGithubs/github-daily-rank/main/README.md','{"title": "title", "link": "link", "description": "description"}','{"list": {"url": "https://raw.githubusercontent.com/OpenGithubs/github-daily-rank/main/README.md", "max_items": 10}}',NULL,'css',NULL,NULL,'https://github\.com/[\w\-\.]+/[\w\-\.]+','css',NULL,'css',NULL,'css',NULL,'css',NULL,NULL,NULL,NULL,NULL,'none',NULL,NULL,1,2,NULL,'enabled',NULL,'2026-03-20 04:12:31.011414','2026-03-20 06:04:02.431472','markdown_github','http','markdown');
INSERT INTO rules VALUES(5,'Product Hunt - RSS Feed','https://www.producthunt.com/feed','{"title": "title", "link": "link", "content": "content", "author": "author", "date": "published", "strip_html": true}','{"max_items": 10}',NULL,'css',NULL,NULL,NULL,'css',NULL,'css',NULL,'css',NULL,'css',NULL,NULL,NULL,NULL,NULL,'none',NULL,NULL,1,3,NULL,'enabled',NULL,'2026-03-20 08:36:15','2026-03-20 08:49:15.164055','rss','http','xml');
INSERT INTO rules VALUES(6,'Product Hunt - Browser','https://www.producthunt.com/',NULL,'{"list": {"url": "https://www.producthunt.com/", "selector": "a[href^=\"/posts/\"]", "max_items": 10}, "detail": {"title": {"selector": "h1", "type": "text"}, "content": {"selector": ".text-body", "type": "html"}}}',NULL,'css',NULL,NULL,NULL,'css',NULL,'css',NULL,'css',NULL,'css',NULL,NULL,NULL,NULL,NULL,'none',NULL,NULL,1,3,NULL,'enabled',NULL,'2026-03-20 08:36:24','2026-03-20 08:49:17.016228','auto','browser','html');
INSERT INTO rules VALUES(7,'GitHub GraphQL - Python Repos','https://api.github.com/graphql','{"title": "name", "url": "url", "description": "description", "stars": "stars.totalCount", "forks": "forkCount"}','{"list": {"max_items": 10}}','{"method": "POST", "headers": {"Authorization": "Bearer YOUR_GITHUB_TOKEN_HERE", "Accept": "application/vnd.github.v3+json"}, "body": {"type": "graphql", "query": "{ search(query: \"language:python:pushed:>2026-03-15\", type: REPOSITORY, first: 10) { edges { node { ... on Repository { name nameWithOwner url description stargazerCount forkCount } } } } }"}, "timeout": 30}','css',NULL,NULL,NULL,'css',NULL,'css',NULL,'css',NULL,'css',NULL,NULL,NULL,NULL,NULL,'none',NULL,NULL,1,3,NULL,'enabled',NULL,'2026-03-22 01:25:16','2026-03-22 01:27:08.685550','auto','http','json');
INSERT INTO rules VALUES(8,'Hacker News - Front Page','https://hn.algolia.com/api/v1/search?tags=front_page&hitsPerPage=10','{"title": "title", "url": "url", "author": "author", "date": "created_at"}','{"list": {"max_items": 10}}','{"method": "GET", "timeout": 30}','css',NULL,NULL,NULL,'css',NULL,'css',NULL,'css',NULL,'css',NULL,NULL,NULL,NULL,NULL,'none',NULL,NULL,1,3,NULL,'enabled',NULL,'2026-03-22 01:25:24','2026-03-22 01:27:07.850606','auto','http','json');
INSERT INTO rules VALUES(9,'Reddit - Technology Posts','https://www.reddit.com/graphql','{"title": "title", "url": "permalink", "score": "score"}','{"list": {"max_items": 10}}','{"method": "POST", "headers": {"User-Agent": "Mozilla/5.0"}, "body": {"type": "graphql", "query": "query { subreddit(name: \"technology\") { newList(limit: 10) { edges { node { title permalink score createdAt author { username } } } } } }"}, "timeout": 30}','css',NULL,NULL,NULL,'css',NULL,'css',NULL,'css',NULL,'css',NULL,NULL,NULL,NULL,NULL,'none',NULL,NULL,2,5,NULL,'enabled',NULL,'2026-03-22 01:25:30','2026-03-22 01:27:06.842112','auto','http','json');
INSERT INTO rules VALUES(10,'Product Hunt - Daily Hot','https://api.producthunt.com/v2/api/graphql','{"title": "name", "url": "website", "description": "tagline", "votes": "votesCount", "comments": "commentsCount"}','{"list": {"max_items": 10}}','{"method": "POST", "headers": {"Authorization": "Bearer yW1-4dA1q9y2hN83VPm5rnFW9hiiEXtv6KeTw42jyBc", "Content-Type": "application/json"}, "body": {"type": "graphql", "query": "{ posts(first: 20, postedAfter: \"{{yesterday}}T00:00:00Z\", postedBefore: \"{{yesterday}}T23:59:59Z\") { edges { node { id name tagline votesCount commentsCount website } } } }"}, "timeout": 30}','css',NULL,NULL,NULL,'css',NULL,'css',NULL,'css',NULL,'css',NULL,NULL,NULL,NULL,'{"Authorization": "Bearer yW1-4dA1q9y2hN83VPm5rnFW9hiiEXtv6KeTw42jyBc"}','none',NULL,NULL,1,3,NULL,'enabled',NULL,'2026-03-22 01:29:28','2026-03-22 01:34:34.475971','auto','http','json');
INSERT INTO rules VALUES(11,'36氪资讯','https://36kr.com/feed','{"title": "title", "link": "link", "description": "description", "date": "pubDate"}','{"max_items": 50}',NULL,'css',NULL,NULL,'https://36kr\.com/p/','css',NULL,'css',NULL,'css',NULL,'css',NULL,NULL,NULL,NULL,NULL,'none',NULL,NULL,2,5,NULL,'enabled',NULL,'2026-03-22 02:40:17','2026-03-22 02:40:17','auto','http','xml');
INSERT INTO rules VALUES(12,'Twitter/X 推文流','https://twitter-push-service.qingo.workers.dev/api/tweets','{"title": "text", "url": "url", "author": "username", "date": "createdAt", "description": "text"}','{"max_items": 50}',NULL,'css',NULL,NULL,NULL,'css',NULL,'css',NULL,'css',NULL,'css',NULL,NULL,NULL,NULL,NULL,'none',NULL,NULL,2,5,NULL,'enabled',NULL,'2026-03-22 02:58:08','2026-03-22 02:58:08','auto','http','json');
CREATE TABLE rule_levels (
	id INTEGER NOT NULL, 
	rule_id INTEGER, 
	level INTEGER NOT NULL, 
	name VARCHAR(100), 
	url VARCHAR(1000), 
	url_type VARCHAR(20), 
	selector_type VARCHAR(20), 
	link_selector VARCHAR(1000), 
	content_selector VARCHAR(1000), 
	exclude_patterns TEXT, 
	is_final BOOLEAN, 
	action_type VARCHAR(20), 
	action_config TEXT, 
	pagination_type VARCHAR(20), 
	pagination_selector VARCHAR(500), 
	pagination_max INTEGER, 
	created_at DATETIME, 
	PRIMARY KEY (id), 
	FOREIGN KEY(rule_id) REFERENCES rules (id) ON DELETE CASCADE
);
CREATE TABLE articles (
	id INTEGER NOT NULL, 
	rule_id INTEGER, 
	url VARCHAR(1000) NOT NULL, 
	title VARCHAR(500), 
	summary TEXT, 
	author VARCHAR(255), 
	publish_time DATETIME, 
	cover_image VARCHAR(500), 
	markdown_file VARCHAR(500), 
	status VARCHAR(20),
	error_message TEXT,
	tags TEXT,
	created_at DATETIME,
	updated_at DATETIME,
	PRIMARY KEY (id),
	FOREIGN KEY(rule_id) REFERENCES rules (id) ON DELETE CASCADE
);
INSERT INTO articles VALUES(1,10,'https://www.producthunt.com/r/DW6P33NOZTQ6LJ?utm_campaign=producthunt-api&utm_medium=api-v2&utm_source=Application%3A+%E6%97%A9%E6%8A%A5+%28ID%3A+278879%29','Design Agent by Lokuma',NULL,NULL,NULL,NULL,'data/articles/f9adb12816.md','success',NULL,'2026-03-22 02:27:03.313660','2026-03-22 02:27:03.313662');
INSERT INTO articles VALUES(2,10,'https://www.producthunt.com/r/CB5MLNHOJ6UGRF?utm_campaign=producthunt-api&utm_medium=api-v2&utm_source=Application%3A+%E6%97%A9%E6%8A%A5+%28ID%3A+278879%29','Claude Cowork Projects',NULL,NULL,NULL,NULL,'data/articles/abb0b51040.md','success',NULL,'2026-03-22 02:27:03.316104','2026-03-22 02:27:03.316105');
INSERT INTO articles VALUES(3,10,'https://www.producthunt.com/r/YJOVGX3XYVIS24?utm_campaign=producthunt-api&utm_medium=api-v2&utm_source=Application%3A+%E6%97%A9%E6%8A%A5+%28ID%3A+278879%29','Vite+ ',NULL,NULL,NULL,NULL,'data/articles/b3dd81cfa0.md','success',NULL,'2026-03-22 02:27:03.318350','2026-03-22 02:27:03.318351');
INSERT INTO articles VALUES(4,10,'https://www.producthunt.com/r/36Z7WQPRVUH34E?utm_campaign=producthunt-api&utm_medium=api-v2&utm_source=Application%3A+%E6%97%A9%E6%8A%A5+%28ID%3A+278879%29','Fractal',NULL,NULL,NULL,NULL,'data/articles/cf23c5c66c.md','success',NULL,'2026-03-22 02:27:03.320609','2026-03-22 02:27:03.320610');
INSERT INTO articles VALUES(5,10,'https://www.producthunt.com/r/Z2YOTY7EIMZBX5?utm_campaign=producthunt-api&utm_medium=api-v2&utm_source=Application%3A+%E6%97%A9%E6%8A%A5+%28ID%3A+278879%29','Cursor Glass',NULL,NULL,NULL,NULL,'data/articles/e964856c4a.md','success',NULL,'2026-03-22 02:27:03.322497','2026-03-22 02:27:03.322498');
INSERT INTO articles VALUES(6,10,'https://www.producthunt.com/r/BM54CGYFXXNADV?utm_campaign=producthunt-api&utm_medium=api-v2&utm_source=Application%3A+%E6%97%A9%E6%8A%A5+%28ID%3A+278879%29','Contral',NULL,NULL,NULL,NULL,'data/articles/2179324527.md','success',NULL,'2026-03-22 02:27:03.324347','2026-03-22 02:27:03.324348');
INSERT INTO articles VALUES(7,10,'https://www.producthunt.com/r/WC7YOUJQ7EOBU2?utm_campaign=producthunt-api&utm_medium=api-v2&utm_source=Application%3A+%E6%97%A9%E6%8A%A5+%28ID%3A+278879%29','murmur',NULL,NULL,NULL,NULL,'data/articles/e6c098608e.md','success',NULL,'2026-03-22 02:27:03.326156','2026-03-22 02:27:03.326157');
INSERT INTO articles VALUES(8,10,'https://www.producthunt.com/r/BLFA5DWV6PYKUJ?utm_campaign=producthunt-api&utm_medium=api-v2&utm_source=Application%3A+%E6%97%A9%E6%8A%A5+%28ID%3A+278879%29','Replit Agent 4',NULL,NULL,NULL,NULL,'data/articles/ded9971b81.md','success',NULL,'2026-03-22 02:27:03.327982','2026-03-22 02:27:03.327983');
INSERT INTO articles VALUES(9,10,'https://www.producthunt.com/r/TVR2TYYARASWFJ?utm_campaign=producthunt-api&utm_medium=api-v2&utm_source=Application%3A+%E6%97%A9%E6%8A%A5+%28ID%3A+278879%29','Mindspend',NULL,NULL,NULL,NULL,'data/articles/87e96fba0e.md','success',NULL,'2026-03-22 02:27:03.329919','2026-03-22 02:27:03.329920');
INSERT INTO articles VALUES(10,10,'https://www.producthunt.com/r/BDKX4FKB7AYWA6?utm_campaign=producthunt-api&utm_medium=api-v2&utm_source=Application%3A+%E6%97%A9%E6%8A%A5+%28ID%3A+278879%29','Novi Notes',NULL,NULL,NULL,NULL,'data/articles/f3853daccd.md','success',NULL,'2026-03-22 02:27:03.331704','2026-03-22 02:27:03.331705');
INSERT INTO articles VALUES(11,11,'https://36kr.com/p/3732100232298503?f=rss','“我的前额叶罢工了”，年轻人争相确诊“网红病”？',unistr('<p>当代年轻人对待病的态度，像薛定谔的猫一般充满矛盾。</p>\u000a  <p>有时讳疾忌医，不敢看自己的体检报告，对报告里已确诊的小结节、轻度脂肪肝、胃炎装聋作哑，安慰自己没啥大事。</p>\u000a  <p>有时又上赶着帮自己“确诊”新疾病：“我说我怎么天天活人微死还犯懒呢，原来我是前额叶受损啊。”</p>\u000a  <p class="image-wrapper"><img data-img-size-val="831,557" src="https://img.36krcdn.com/hsossms/20260321/v2_8569f8b8bb184111a4524a0cb5b2c004@6076018_oswg281559oswg831oswg557_img_000?x-oss-process=image/format,jpg/interlace,1"></p>\u000a  <p class="img-desc">网友疯传的前额叶梗图。（图/社交平台截图）</p>\u000a  <p>最近，又轮到了前额叶。</p>\u000a  <p>这个原本常见于神经科学教科书中的专业术语，近期一跃成为了热搜常客。</p>\u000a  <p>'),NULL,NULL,NULL,'data/articles/004a893a9b.md','success',NULL,'2026-03-22 02:44:37.559687','2026-03-22 02:44:37.559694');
INSERT INTO articles VALUES(12,11,'https://36kr.com/p/3732001538490631?f=rss','9点1氪：傅盛凌晨开撕周鸿祎称“被欠1个亿”，360回应；字节跳动413亿元卖掉沐瞳科技；伊朗战事持续或致油价升至180美元',unistr('<h2><strong>今日热点导览</strong></h2>\u000a  <p>商务部部长王文涛会见苹果公司首席执行官库克</p>\u000a  <p>贾国龙起家的西贝首店将缩减一半经营面积</p>\u000a  <p>特斯拉计划采购中国光伏设备？企业回应：确有此事</p>\u000a  <p>针对“漂白鸡爪”等“3·15”晚会曝光问题，多地立案溯源打击</p>\u000a  <p>中国学生平均留学预算超60万</p>\u000a  <h2><strong>TOP3大新闻</strong></h2>\u000a  <p><strong>傅盛微信群里开撕周鸿祎称“欠钱不还”，360回应</strong></p>\u000a  <p>3月20日，社交媒体流传的截图显示，当天凌晨，猎豹移动董事长兼CEO傅盛在微信聊天群里“开撕”360创始人周鸿祎，指责周鸿祎“欠钱不还，并遭拉黑”。</p>\u000a  <p>3月20日，360集团回应称，“我们更关注把产品做好，让每个人都能用上安全便捷的360安全龙虾。企业家打造个人影响力，归根结底还是要靠产品和用户价值，而不是依赖情绪表达或话题炒作。对于谣言和失实信息，360集团已启动证据保全，并将通过法律途径依法处理。”（澎湃新闻）<'),NULL,NULL,NULL,'data/articles/1772fd1c9a.md','success',NULL,'2026-03-22 02:44:37.564728','2026-03-22 02:44:37.564733');
INSERT INTO articles VALUES(13,11,'https://36kr.com/p/3731378273828868?f=rss','万物云：与万科关联应收账款余额仅剩20.6亿，业务独立性持续增强',unistr('<p>3月19日晚间，万物云空间科技服务股份有限公司发布2025年度业绩报告。报告期内，万物云实现营业收入372.7亿元，同比增长2.7%，剔除开发商相关业务后，营收同比增长8.4%；核心净利润约21.3亿元，同比微增0.8%；归母净利润7.7亿元，同比出现较大幅度下滑。</p>\u000a  <p class="image-wrapper"><img data-img-size-val="4000,2666" src="https://img.36krcdn.com/hsossms/20260320/v2_3930db0239164fdd83509241de181dc6@337187376_oswg4382727oswg4000oswg2666_img_jpg?x-oss-process=image/quality,q_80/format,jpg/interlace,1"></p>\u000a  <p class="img-desc">业绩发布会现场</p>\u000a  <p>万物云董事长朱保全在业绩发布会上表示，关联开发商（万科）产生的坏账及资产摊销所带来的负向影响是利润下滑的主要原因，2025年全年因此产生'),NULL,NULL,NULL,'data/articles/2b857ea978.md','success',NULL,'2026-03-22 02:44:37.569426','2026-03-22 02:44:37.569428');
INSERT INTO articles VALUES(14,11,'https://36kr.com/p/3731169592918273?f=rss','氪星晚报｜迪卡侬正式入驻拼多多；特斯拉计划2026年批量交付Semi电动卡车，价格或低于30万美元；消息人士：马斯克团队采购光伏设备预计将在5月第一周发货',unistr('<h2><strong>大公司：</strong></h2>\u000a  <p><a target="_blank" rel="noopener noreferrer" href="https://36kr.com/newsflashes/3731055603384321"><strong>小鹏汽车：预计第一季度交付量61000辆-66000辆，同比减少29.8%-35.1%</strong></a></p>\u000a  <p>36氪获悉，小鹏汽车发布2025年第四季度及全年财报。财报显示，对于2026年第一季度，本公司预期汽车交付量将介乎61000-66000辆，按年减少约29.79%-35.11%。总收入将介乎122.0亿元-132.8亿元，按年减少约16.01%-22.84%。</p>\u000a  <p><a target="_blank" rel="noopener noreferrer" href="https://36kr.com/newsflashes/3731035141226501"><strong>北京汽车：王昊由于工作变动将不再担任董事长，提名张国富任董事长</strong></a></'),NULL,NULL,NULL,'data/articles/713c6204cf.md','success',NULL,'2026-03-22 02:44:37.573048','2026-03-22 02:44:37.573053');
INSERT INTO articles VALUES(15,11,'https://36kr.com/p/3731096049795078?f=rss','阿迪达斯，不看好2026的自己',unistr('<p><strong>作者 |</strong>&nbsp;谢芸子</p>\u000a  <p><strong>编辑 |&nbsp;</strong> 张帆&nbsp;</p>\u000a  <p><strong>封面来源 |&nbsp;</strong> 企业官微&nbsp;</p>\u000a  <p>阿迪达斯几乎交出了近年来的最好业绩。</p>\u000a  <p>在彻底摆脱“椰子”的第一个完整财年，这家老牌德国体育用品集团2025年的全球营收达到248亿欧元（约合1993亿元人民币），营收增幅13%，创历史新高；归属股东净利润为13.4亿欧元，毛利率也创历史新高达到51.6%。</p>\u000a  <p class="image-wrapper"><img data-img-size-val="700,365" src="https://img.36krcdn.com/hsossms/20260320/v2_825ec130a9114be2be141c569dbcb983@394564713_oswg52543oswg700oswg365_img_000?x-oss-process=image/format,jpg/inte'),NULL,NULL,NULL,'data/articles/ee9357710b.md','success',NULL,'2026-03-22 02:44:37.576605','2026-03-22 02:44:37.576607');
INSERT INTO articles VALUES(16,11,'https://36kr.com/p/3731094987407617?f=rss','RENOGY 如果新能源：如何用16年时间打造一家Global Native公司｜出海踏浪者',unistr('<p>无论是欧洲家庭的户外露营、北美车库的应急备用，还是日本公寓中的防灾储备柜，便携储能产品的身影已遍布全球。</p>\u000a  <p>便携储能在欧美地区尤其受欢迎，这一方面源于当地长期以来浓厚的户外露营文化。The Dyrt发布报告称，2024年约有8110万美国人进行了露营活动（包括传统帐篷露营、房车露营等），其中约580万为首次露营者。另一方面，露营的普及对稳定的户外电力供应提出更高要求，而这恰恰也是露营玩家们长期难以解决的痛点。美国部分地区电网老化问题突出，加州等地在山火爆发季节还会经常进行预防性断电。</p>\u000a  <p>众所周知，<strong>便携储能赛道长期以来都是中国品牌的“主场”，凭借成熟的供应链体系，中国品牌在全球市场的份额已超过九成。</strong>面对日益增长且多样化的能源需求，RENOGY如果新能源没有和大多数品牌一样去“卷”轻量便携的标准化移动电源赛道，而是专注于房车、游艇、特种车辆等高电力需求环境的专业用电场景。</p>\u000a  <p>目前RENOGY销售的产品包括太阳能组件、控制器、储能电池、逆变器以及智慧能源管理系统，构成完整的离网电力系统（Off-Grid '),NULL,NULL,NULL,'data/articles/6a01504c25.md','success',NULL,'2026-03-22 02:44:37.580054','2026-03-22 02:44:37.580066');
INSERT INTO articles VALUES(17,11,'https://36kr.com/p/3731048121647361?f=rss','沙特土豪超60亿美元收购沐瞳：公司架构不变，张云帆仍是CEO',unistr('<p>3月20日，沐瞳科技发布公司内部信，宣布公司已被沙特阿拉伯主权财富基金全资控股的游戏巨头Savvy Games Group（简称Savvy）收购。</p>\u000a  <p>自字节游戏业务调整后，这场交易就早有传闻，去年底已经有了大致轮廓。双方在2025下半年正式启动谈判，并在2026年初围绕核心条款达成共识，最后Savvy以超60亿美元的价格收购沐瞳的全部股权。</p>\u000a  <p>这场交易距离字节收购沐瞳只有5年——彼时的收购价格为40亿美元，如果考虑到谈判和双方讨论时间，这个出售间隔可能更短。</p>\u000a  <p>而从内部信来看，此次交易后，沐瞳的管理结构仍旧保持不变，张云帆会继续担任沐瞳CEO。在此基础上，公司还会针对员工的历史贡献及未来业绩，设置多项激励方案。</p>\u000a  <p>以下是内部信全文：</p>\u000a  <p>大家好，最近公司和Savvy Games Group签署了协议，双方将在未来一段时间内完成交易。交易完成后，沐瞳将成为Savvy的全资子公司。与此同时，沐瞳的管理结构保持不变，沐瞳仍是一家总部位于上海的公司。我本人也将继续担任沐瞳CEO，和管理团队一起继续带领公司向前发'),NULL,NULL,NULL,'data/articles/84fdf644eb.md','success',NULL,'2026-03-22 02:44:37.583822','2026-03-22 02:44:37.583824');
INSERT INTO articles VALUES(18,11,'https://36kr.com/p/3730996090192130?f=rss','求购Anthropic老股份额；求购多家机器人公司老股份额｜资情留言板第181期',unistr('<p>资产交易市场，信息瞬息万变，消息真假难辨，即使买卖双方花费大量的时间、精力，推动成交往往困难重重。为了能够帮助买卖双方更快速链接市场信息和潜在交易对手，避免不必要的投入与浪费，我们特地打造了这样一档栏目。</p>\u000a  <p>本文是这个栏目的第181期。如果你对本文提到的相关的交易线索感兴趣，希望接触这些潜在的交易对手，或者如果你手中直接握有希望交易的资金或者资产，欢迎与我们联系。（邮箱：zcjy@36kr.com）&nbsp;</p>\u000a  <h2><strong>一、本月新增</strong></h2>\u000a  <h2><strong>1、求购Anthropic老股份额（预期估值面议）</strong></h2>\u000a  <p>交易价格：预期估值面议</p>\u000a  <p>资产规模：约5000万-1亿美元</p>\u000a  <p>交易方式：直接老股交易，可以接受进入结构</p>\u000a  <p>联系方式：zcjy@36kr.com</p>\u000a  <h2><strong>2、求购乐聚机器人老股份额（预期估值面议）</strong></h2>\u000a  <p>交易价格：预期估值面议</p>\u000a  <p>资产规模：约3'),NULL,NULL,NULL,'data/articles/7be05c05a2.md','success',NULL,'2026-03-22 02:44:37.586688','2026-03-22 02:44:37.586689');
INSERT INTO articles VALUES(19,11,'https://36kr.com/p/3730644353286150?f=rss','从能力到商品：Skills市场正在重塑开发者的生产方式',unistr('<p>技能是产业竞争力的重要体现方式之一 。在上海，一场 AI 时代的技能革命也在悄然展开——进入 2026 年，新赛季的竞争不再是大模型间的参数比拼，而是谁能真正走进工厂、实验室和写字楼，变成“会做事”的生产力工具。开源项目 OpenClaw 的迅速走红，折射出以 Skills 市场等形式的开放共享的新趋势——或许正是那把撬开这场 Agent 变革的锁钥。</p>\u000a  <p>简言之， Skills 市场是智能体的“技能商店”：开发者将专业能力封装为标准化模块，供全球智能体按需调用。这是开发工具的升级， 更是生产关系的深层重构。&nbsp;</p>\u000a  <p class="image-wrapper"><img data-img-size-val="1000,459" src="https://img.36krcdn.com/hsossms/20260320/v2_43d7c9d2d9444798b1929cb39d186cff@5868219_oswg101784oswg1000oswg459_img_000?x-oss-process=image/format,jpg/interl'),NULL,NULL,NULL,'data/articles/dd9f10fa9d.md','success',NULL,'2026-03-22 02:44:37.589500','2026-03-22 02:44:37.589502');
INSERT INTO articles VALUES(20,11,'https://36kr.com/p/3729647028960903?f=rss','港中文95后博士、OPPO员工做了款AI可穿戴硬件，要成为用户全天候情感导师｜硬氪首发',unistr('<p>作者｜黄楠</p>\u000a  <p>编辑｜袁斯来</p>\u000a  <p>硬氪获悉，深圳十镜科技有限公司（以下简称“十镜科技”）近日完成数千万元天使轮融资，本轮由元禾原点投资，融资资金将主要用于核心技术研发、产品结构迭代优化及小批量量产落地。首款产品Spiro计划于&nbsp;2026年4月在北美独立站上线、6月量产。</p>\u000a  <p>十镜科技成立于2025年7月，创始人兼CEO赵之赫是一名95后连续创业者，博士毕业于香港中文大学，他曾出任智能穿戴硬件企业物启科技CEO，并推出全球首款AI情绪吊坠Nuna。联合创始人曾任职于大疆、安克、OPPO等企业，拥有多年的产品落地经验与成熟的市场化运作能力。</p>\u000a  <p>智能穿戴行业正经历一场隐性的代际更替。过去几年，功能叠加始终是行业的主流叙事，更多传感器、更精准的数据、更专业的分析，被默认为产品进化的主导方向。但AI Pin等市场遇冷，暴露了这一路径的深层困境：当硬件被定义为“工具”，其价值就被锁死在特定使用场景之中，脱离场景，用户容易失去持续佩戴的动力。</p>\u000a  <p>新鲜感退潮后的高闲置率，正在倒逼行业重新思考AI可穿戴硬件的底层逻'),NULL,NULL,NULL,'data/articles/5b246ee06b.md','success',NULL,'2026-03-22 02:44:37.592806','2026-03-22 02:44:37.592808');
INSERT INTO articles VALUES(21,11,'https://36kr.com/newsflashes/3733475828695296?f=rss','北京高职自主招生报名今天启动','2026年北京市高等职业教育自主招生报名工作今天（22日）启动，到3月26日结束。今年共有34所高职院校参与自主招生。各招生院校将按照相关规定自主组织入学考试。每名考生限报一所院校。已参加北京市2026年高考报名的统考考生和单考考生均可报名参加高职自主招生。高职自主招生一般为“文化素质+职业技能”考试。需要提醒考生的是，被录取的考生不再参加当年高考。',NULL,NULL,NULL,'data/articles/7d1ddbc57f.md','success',NULL,'2026-03-22 02:44:37.595277','2026-03-22 02:44:37.595278');
INSERT INTO articles VALUES(22,11,'https://36kr.com/newsflashes/3733492798095623?f=rss','小阔集团联合华晨宇共创全新日化家居品牌“重点”','3月22日，小阔集团与华晨宇联合创立的全新日化家居品牌“重点”正式发布，华晨宇出任品牌联合创始人。该品牌聚焦传统日化家居长期被忽略的微观需求，致力于为消费者提供细节、舒适、安全的日化家居解决方案。“重点”品牌的推出，将进一步完善小阔集团多品牌、多赛道的日化生态矩阵。',NULL,NULL,NULL,'data/articles/f533591b18.md','success',NULL,'2026-03-22 02:44:37.599334','2026-03-22 02:44:37.599337');
INSERT INTO articles VALUES(23,11,'https://36kr.com/newsflashes/3733474717204743?f=rss','首钢与中国一汽成功合作研发2.4GPa级超高强度热成形钢','3月22日，首钢集团公众号消息，近日，首钢联合中国一汽成功合作完成2.4GPa（2400MPa）级热成形钢的材料开发与应用验证。这是全球汽车用材领域的又一次极限突破。该材料的成功开发，标志着我国在高性能汽车用钢应用领域迈入全球领先行列，为汽车安全与轻量化提供了革命性材料解决方案。',NULL,NULL,NULL,'data/articles/0b01b21351.md','success',NULL,'2026-03-22 02:44:37.603255','2026-03-22 02:44:37.603257');
INSERT INTO articles VALUES(24,11,'https://36kr.com/newsflashes/3733433736544263?f=rss','汤臣倍健：目前已在东南亚主要国家进行布局','3月22日，汤臣倍健在业绩电话会表示，公司将以本土化需求为核心驱动国际业务扩张，目前已在东南亚主要国家进行布局，将加速扩大东南亚线下渠道覆盖，推动线上渠道实现增长突破。',NULL,NULL,NULL,'data/articles/e5ea0bb0f6.md','success',NULL,'2026-03-22 02:44:37.606087','2026-03-22 02:44:37.606088');
INSERT INTO articles VALUES(25,11,'https://36kr.com/newsflashes/3733430950510592?f=rss','中国发展高层论坛今日召开，蓝佛安、潘功胜将发声','据中国发展高层论坛微信公众号消息，中国发展高层论坛2026年年会将于3月22日至23日在北京召开，主题为“‘十五五’的中国：高质量发展与共创新机遇”。根据中国发展高层论坛2026年年会日程，财政部部长蓝佛安、中国人民银行行长潘功胜将在“宏观政策与高质量发展专题研讨会”上发言。',NULL,NULL,NULL,'data/articles/9edaa165aa.md','success',NULL,'2026-03-22 02:44:37.609029','2026-03-22 02:44:37.609032');
INSERT INTO articles VALUES(26,11,'https://36kr.com/newsflashes/3733429674868992?f=rss','清明假期火车票开售 深圳铁路部门预计发送旅客181.4万人次','随着清明假期临近，不少家庭已将扫祭追思、踏青出游提上日程。记者从深圳铁路部门获悉，2026年清明假期首日火车票已于3月21日正式发售，假期最后一天（4月6日）车票将于3月23日开售。本次清明假期铁路运输周期为4月3日至4月7日，共计5天。深圳铁路部门预计发送旅客181.4万人次，其中深圳北站预计发送旅客118.8万人次。客流以短途扫墓、踏青流为主，旅游流为辅，呈现出“前期集中出行、增速较快，后期分散返程、较为平缓”的特点。',NULL,NULL,NULL,'data/articles/daa31028d3.md','success',NULL,'2026-03-22 02:44:37.612035','2026-03-22 02:44:37.612038');
INSERT INTO articles VALUES(27,11,'https://36kr.com/newsflashes/3733429003616261?f=rss','被AI“偷走”声音 配音演员集体维权：希望构建合法共存生态','近日，多名配音演员相继公开发声，反对未经演员知情同意，擅自采集其声音素材用于AI训练、音色合成及商业变现的行为。从《甜蜜蜜》里的黎小军，到《无间道》中的刘建明，配音演员叶清塑造了许多经典的人物形象。就在不久前，短视频平台上出现了一集AI生成的短剧，许多观众通过弹幕刷屏：主人公的旁白是“叶清老师的声音”。接受记者采访时，叶清坦言，AI短剧里对他的音色还原度极高。类似的经历在配音行业中屡见不鲜。配音导演、配音演员李龙滨也经常成为这种侵权行为的受害者。',NULL,NULL,NULL,'data/articles/4ac4bd1231.md','success',NULL,'2026-03-22 02:44:37.615548','2026-03-22 02:44:37.615551');
INSERT INTO articles VALUES(28,11,'https://36kr.com/newsflashes/3733421955760391?f=rss','中国充电联盟：1-2月充电基础设施增量为91.8万个','据中国充电联盟消息，2026年1-2月，充电基础设施增量为91.8万个，同比上升44.8%。其中公共充电设施增量为11.7万个，同比减少53.8%，私人充电设施增量为80.1万个，同比上升110.4%。',NULL,NULL,NULL,'data/articles/3a3d6223bc.md','success',NULL,'2026-03-22 02:44:37.618625','2026-03-22 02:44:37.618628');
INSERT INTO articles VALUES(29,11,'https://36kr.com/newsflashes/3732477835346184?f=rss','协创数据：公司及下属企业均与超微电脑没有任何业务合作关系','36氪获悉，协创数据在互动平台表示，公司及下属企业均与超微电脑没有任何业务合作关系。请勿轻信市场传闻，公司就近期互联网及市场上出现的针对公司的不实信息，已正式发布严正声明，对相关虚假言论予以澄清驳斥。公司已委托其常年法律顾问广东信达律师事务所就上述不实信息开展全面核查，并全权负责相关维权事宜，依法维护公司及全体股东的合法权益。',NULL,NULL,NULL,'data/articles/e063aa1d27.md','success',NULL,'2026-03-22 02:44:37.621294','2026-03-22 02:44:37.621297');
INSERT INTO articles VALUES(30,11,'https://36kr.com/newsflashes/3732458470441217?f=rss','阿尔凯默斯在印度推出司美格鲁肽注射液','据报道，阿尔凯默斯（Alkem Labs）在印度推出司美格鲁肽注射液，产品品牌名为Semasize、Obesema及Hepaglide，每周疗程价格最低为450卢比，每月四剂售价1800卢比。（第一财经）',NULL,NULL,NULL,'data/articles/7477ecb8e7.md','success',NULL,'2026-03-22 02:44:37.624579','2026-03-22 02:44:37.624582');
INSERT INTO articles VALUES(31,11,'https://36kr.com/newsflashes/3732458131783689?f=rss','国家级电力人工智能中试基地迎首批企业，华为、中兴、百度等入驻','3月20日，国家人工智能应用中试基地（能源领域电力方向）2026年联盟工作会议暨首期生态活动在广州举行。南网数字集团人工智能研究中心、华为、中兴、百度等8家企业机构，作为首批代表正式入驻中试基地。第一财经记者了解到，作为电力人工智能领域的“桥梁型平台”，中试基地已成功连接100多家不同领域单位，推动资源高效共享与协同拓展。此次首批入驻的8家企业机构，还包括天合科技、南瑞信通、天数智芯、泰豪软件等。（第一财经）',NULL,NULL,NULL,'data/articles/4385f37479.md','success',NULL,'2026-03-22 02:44:37.627700','2026-03-22 02:44:37.627703');
INSERT INTO articles VALUES(32,11,'https://36kr.com/newsflashes/3732456438481157?f=rss','亚马逊正开发整合AI能力且与其语音助手Alexa同步的智能手机','据媒体周五（3月20日）援引知情人士消息报道，亚马逊正在开发一款整合人工智能能力并能与公司语音助手Alexa同步的智能手机。该项目内部代号为“Transformer”，由亚马逊设备与服务部门负责研发，定位为一款高度个性化的移动设备。该手机的核心在于通过AI技术简化用户操作，可能无需传统应用商店即可使用功能，旨在让用户更便捷地使用亚马逊购物、Prime Video和Grubhub等服务。（新浪财经）',NULL,NULL,NULL,'data/articles/1d4c5fa8aa.md','success',NULL,'2026-03-22 02:44:37.631940','2026-03-22 02:44:37.631943');
INSERT INTO articles VALUES(33,11,'https://36kr.com/newsflashes/3732454808436740?f=rss','我国自主研发的期刊评价体系正式发布','3月21日，东壁科技数据联合中国医学科学院医学信息研究所等单位在上海正式发布全球医学与生命科学高质量期刊列表，这也是我国自主研发的期刊评价体系。科研团队从全球4万多本医学、生命科学期刊中遴选出4027本高质量医学期刊、3064本高质量生命科学期刊，并根据期刊引文网络层级结构中的学术影响力，将遴选出的高质量期刊划分为ABCD四个等级，分别代表所在学科领域的顶级期刊、具有较高学术威望的期刊、具有良好学术声誉的期刊、学术水平得到广泛认可的期刊。（央视新闻）',NULL,NULL,NULL,'data/articles/d19eae030a.md','success',NULL,'2026-03-22 02:44:37.635031','2026-03-22 02:44:37.635035');
INSERT INTO articles VALUES(34,11,'https://36kr.com/newsflashes/3732454087786501?f=rss','欧洲央行管委Nagel：如有必要，可以迅速行动应对通胀风险','欧洲央行管理委员会成员、德国央行行长Joachim Nagel表示，如果有迹象显示伊朗战争导致通胀预期超过2%，欧洲央行已准备好迅速作出回应。Nagel在德国戈斯拉尔发表讲话时说，虽然货币政策无法阻止能源冲击造成通胀在短期内偏离目标，但如果实际价格涨幅产生波及效应、可能影响中期走势，欧洲央行就必须采取行动。（新浪财经）',NULL,NULL,NULL,'data/articles/567b5d2a9f.md','success',NULL,'2026-03-22 02:44:37.637912','2026-03-22 02:44:37.637915');
INSERT INTO articles VALUES(35,11,'https://36kr.com/newsflashes/3732452663804162?f=rss','华为将发布首款风冷散热手机','华为将于3月23日举行的华为春季新品发布会上发布华为Mate80系列全新版本，其首次在圆形镜头模组内部集成了一颗主动散热风扇，是华为首款内置主动风冷散热系统的手机。（证券时报）',NULL,NULL,NULL,'data/articles/87347c5611.md','success',NULL,'2026-03-22 02:44:37.640914','2026-03-22 02:44:37.640917');
INSERT INTO articles VALUES(36,11,'https://36kr.com/newsflashes/3732449006502148?f=rss','我国电动汽车充电基础设施总数达2101.0万个','3月21日，国家能源局发布2026年2月全国电动汽车充电设施数据。根据国家充电设施监测服务平台数据，截至2026年2月底，我国电动汽车充电基础设施（枪）总数达到2101.0万个，同比增长47.8%。其中：公共充电设施（枪）483.4万个，同比增长28.8%，公共充电设施额定总功率达到2.29亿千瓦，平均功率约为47.41千瓦；私人充电设施（枪）1617.6万个，同比增长54.6%，私人充电设施报装用电容量达到1.41亿千伏安。（央视新闻）',NULL,NULL,NULL,'data/articles/f2c6640dd9.md','success',NULL,'2026-03-22 02:44:37.643773','2026-03-22 02:44:37.643777');
INSERT INTO articles VALUES(37,11,'https://36kr.com/newsflashes/3732441440665859?f=rss','LiblibAI发布AI视频创作平台LibTV','36氪获悉，近日，LiblibAI正式发布AI视频创作平台LibTV，上线首日访问量突破10万。据了解，LibTV首创双入口模式，一面是专业创作者，另一面是Agent，将其视作“新型用户”，为Agent提供可以直接调度的视频生产能力。',NULL,NULL,NULL,'data/articles/77d4d868f4.md','success',NULL,'2026-03-22 02:44:37.646705','2026-03-22 02:44:37.646708');
INSERT INTO articles VALUES(38,11,'https://36kr.com/newsflashes/3732411719794952?f=rss','胖东来正与酒鬼酒洽谈600元新品','胖东来与酒鬼酒拟推出次高端白酒新品。知情人士透露：“新品定价600-800元，双方已就该产品洽谈了一段时间。”去年7月，酒鬼酒与胖东来推出首款联名产品“酒鬼·自由爱”。该产品面向大众市场，定价200元，综合成本168.26元，毛利率15.87%。新品上市后曾一度热销，线上和线下均出现短暂断货。（酒业内参）',NULL,NULL,NULL,'data/articles/559c37e4a9.md','success',NULL,'2026-03-22 02:44:37.651920','2026-03-22 02:44:37.651922');
INSERT INTO articles VALUES(39,11,'https://36kr.com/newsflashes/3732387328655360?f=rss','马斯克：Optimus+PV将是首个冯诺依曼探测器','36氪获悉，马斯克表示Optimus+PV将是首个冯诺依曼探测器，它完全能够利用太空中的原材料进行自我复制。',NULL,NULL,NULL,'data/articles/59c3269b57.md','success',NULL,'2026-03-22 02:44:37.655144','2026-03-22 02:44:37.655147');
INSERT INTO articles VALUES(40,11,'https://36kr.com/newsflashes/3732341580841218?f=rss','雷军官宣：XiaomiMiMo首周限免开放','36氪获悉，雷军发博表示：Xiaomi MiMo联合OpenClaw、OpenCode、KiloCode、Cline和BLACKBOXAI五大主流Agent框架，首周限免开放。欢迎国内开发者试用。',NULL,NULL,NULL,'data/articles/5f521e8407.md','success',NULL,'2026-03-22 02:44:37.659296','2026-03-22 02:44:37.659300');
INSERT INTO articles VALUES(41,12,'https://x.com/Tesla/status/2035506877497594192','RT @elonmusk: Formal announcement of the TERAFAB project, which will be done jointly by @SpaceX and @Tesla, tonight around 8pm CT. Livestre…','RT @elonmusk: Formal announcement of the TERAFAB project, which will be done jointly by @SpaceX and @Tesla, tonight around 8pm CT. Livestre…','Tesla',NULL,NULL,'data/articles/2636faced3.md','success',NULL,'2026-03-22 03:06:06.726833','2026-03-22 03:06:06.726835');
INSERT INTO articles VALUES(42,12,'https://x.com/stccare_ksa/status/2035506574928527697',unistr('@MZ77778 حياك الله 🌷\u000aعيدكم مبارك وينعاد عليكم بالخير 💜 \u000aمتواجدين دائمًا لخدمتكم وتحقيق رضاكم 🙏🏻\u000aيسعدنا التواصل معكم عبر الرسائل الخاصة وأبشر برضاك\u000ahttps://t.co/BQ84cJd1YB'),unistr('@MZ77778 حياك الله 🌷\u000aعيدكم مبارك وينعاد عليكم بالخير 💜 \u000aمتواجدين دائمًا لخدمتكم وتحقيق رضاكم 🙏🏻\u000aيسعدنا التواصل معكم عبر الرسائل الخاصة وأبشر برضاك\u000ahttps://t.co/BQ84cJd1YB'),'stccare_ksa',NULL,NULL,'data/articles/278e4d88a2.md','success',NULL,'2026-03-22 03:06:06.729992','2026-03-22 03:06:06.729994');
INSERT INTO articles VALUES(43,12,'https://x.com/elonmusk/status/2035506574182199757',unistr('Formal announcement of the TERAFAB project, which will be done jointly by @SpaceX and @Tesla, tonight around 8pm CT. Livestream on 𝕏.\u000a\u000aThe goal is to produce over a TERAWATT of compute per year (logic, memory &amp; packaging) with ~80% for space and ~20% for the ground.'),unistr('Formal announcement of the TERAFAB project, which will be done jointly by @SpaceX and @Tesla, tonight around 8pm CT. Livestream on 𝕏.\u000a\u000aThe goal is to produce over a TERAWATT of compute per year (logic, memory &amp; packaging) with ~80% for space and ~20% for the ground.'),'elonmusk',NULL,NULL,'data/articles/216d2f077b.md','success',NULL,'2026-03-22 03:06:06.734145','2026-03-22 03:06:06.734149');
INSERT INTO articles VALUES(44,12,'https://x.com/stccare_ksa/status/2035506286775636016',unistr('@Ioook166802 حياك الله 🌷\u000aعيدكم مبارك وينعاد عليكم بالخير 💜 \u000aمتواجدين دائمًا لخدمتكم وتحقيق رضاكم 🙏🏻\u000aيسعدنا التواصل معكم عبر الرسائل الخاصة وأبشر برضاك\u000ahttps://t.co/BQ84cJd1YB'),unistr('@Ioook166802 حياك الله 🌷\u000aعيدكم مبارك وينعاد عليكم بالخير 💜 \u000aمتواجدين دائمًا لخدمتكم وتحقيق رضاكم 🙏🏻\u000aيسعدنا التواصل معكم عبر الرسائل الخاصة وأبشر برضاك\u000ahttps://t.co/BQ84cJd1YB'),'stccare_ksa',NULL,NULL,'data/articles/7811ac79a4.md','success',NULL,'2026-03-22 03:06:06.736726','2026-03-22 03:06:06.736727');
INSERT INTO articles VALUES(45,12,'https://x.com/Telkomsel/status/2035506114457121118','@ardiejua1 Sebagai informasi, jika nomor berada di masa tenggang, maka pelanggan tinggal beli pulsa Telkomsel saja, lalu nomor akan aktif kembali. Info lengkapnya bisa cek disini https://t.co/5XZy4O3m11 🙏','@ardiejua1 Sebagai informasi, jika nomor berada di masa tenggang, maka pelanggan tinggal beli pulsa Telkomsel saja, lalu nomor akan aktif kembali. Info lengkapnya bisa cek disini https://t.co/5XZy4O3m11 🙏','Telkomsel',NULL,NULL,'data/articles/d97299b724.md','success',NULL,'2026-03-22 03:06:06.738951','2026-03-22 03:06:06.738952');
INSERT INTO articles VALUES(46,12,'https://x.com/stccare_ksa/status/2035505816984232025',unistr('@AlmjydBd99396 حياك الله أ. عبدالمجيد 🌷\u000aعيدكم مبارك وينعاد عليكم بالخير 💜 \u000aمتواجدين دائمًا لخدمتكم وتحقيق رضاكم 🙏🏻\u000aيسعدنا التواصل معكم عبر الرسائل الخاصة وأبشر برضاك\u000ahttps://t.co/BQ84cJd1YB'),unistr('@AlmjydBd99396 حياك الله أ. عبدالمجيد 🌷\u000aعيدكم مبارك وينعاد عليكم بالخير 💜 \u000aمتواجدين دائمًا لخدمتكم وتحقيق رضاكم 🙏🏻\u000aيسعدنا التواصل معكم عبر الرسائل الخاصة وأبشر برضاك\u000ahttps://t.co/BQ84cJd1YB'),'stccare_ksa',NULL,NULL,'data/articles/2726b1780b.md','success',NULL,'2026-03-22 03:06:06.741338','2026-03-22 03:06:06.741339');
INSERT INTO articles VALUES(47,12,'https://x.com/stccare_ksa/status/2035505305065279549',unistr('@abomohmeed17 حياك الله 🌷\u000aعيدكم مبارك وينعاد عليكم بالخير 💜 \u000aمتواجدين دائمًا لخدمتكم وتحقيق رضاكم 🙏🏻\u000aيسعدنا التواصل معكم عبر الرسائل الخاصة وأبشر برضاك\u000ahttps://t.co/BQ84cJd1YB'),unistr('@abomohmeed17 حياك الله 🌷\u000aعيدكم مبارك وينعاد عليكم بالخير 💜 \u000aمتواجدين دائمًا لخدمتكم وتحقيق رضاكم 🙏🏻\u000aيسعدنا التواصل معكم عبر الرسائل الخاصة وأبشر برضاك\u000ahttps://t.co/BQ84cJd1YB'),'stccare_ksa',NULL,NULL,'data/articles/045eea382a.md','success',NULL,'2026-03-22 03:06:06.743286','2026-03-22 03:06:06.743287');
INSERT INTO articles VALUES(48,12,'https://x.com/stccare_ksa/status/2035504868673159571',unistr('@9URBckrM1wpUudF حياك الله 🌷\u000aعيدكم مبارك وينعاد عليكم بالخير 💜\u000aعروضنا مميزة عشأن نكسب رضاكم\u000aيمكنك الاطلاع على عروضنا لباقات المفوتر المميزة من خلال الرابط 👇\u000ahttps://t.co/ZpqXGa9DnX\u000aكما يمكنك الاطلاع على عروضنا لباقات مسبق الدفع من الرابط 👇\u000ahttps://t.co/FcMGNKTLQQ\u000aومزيد من العروض عبر (1/2)'),unistr('@9URBckrM1wpUudF حياك الله 🌷\u000aعيدكم مبارك وينعاد عليكم بالخير 💜\u000aعروضنا مميزة عشأن نكسب رضاكم\u000aيمكنك الاطلاع على عروضنا لباقات المفوتر المميزة من خلال الرابط 👇\u000ahttps://t.co/ZpqXGa9DnX\u000aكما يمكنك الاطلاع على عروضنا لباقات مسبق الدفع من الرابط 👇\u000ahttps://t.co/FcMGNKTLQQ\u000aومزيد من العروض عبر (1/2)'),'stccare_ksa',NULL,NULL,'data/articles/1a9eb23173.md','success',NULL,'2026-03-22 03:06:06.747167','2026-03-22 03:06:06.747171');
INSERT INTO articles VALUES(49,12,'https://x.com/stccare_ksa/status/2035504871227453469','@9URBckrM1wpUudF تطبيق mystc 😎 (2/2)','@9URBckrM1wpUudF تطبيق mystc 😎 (2/2)','stccare_ksa',NULL,NULL,'data/articles/d76a415c29.md','success',NULL,'2026-03-22 03:06:06.750303','2026-03-22 03:06:06.750305');
INSERT INTO articles VALUES(50,12,'https://x.com/elonmusk/status/2035504359744946534','@business Something is deeply wrong with our justice system','@business Something is deeply wrong with our justice system','elonmusk',NULL,NULL,'data/articles/3f5dd74921.md','success',NULL,'2026-03-22 03:06:06.753198','2026-03-22 03:06:06.753201');
INSERT INTO articles VALUES(51,12,'https://x.com/Telkomsel/status/2035503632439972270',unistr('@qinkqonk Halo Kak @qinkqonk, terima kasih sudah bantu rekomendasikan🙏\u000aSebagai tambahan, setiap pelanggan memiliki kebutuhan dan preferensi yang berbeda, baik prabayar maupun pascabayar. Kami akan tetap bantu memastikan kendala yang disampaikan Kak Maudy bisa ditangani dengan baik agar layanan kembali nyaman digunakan.\u000aSemoga informasinya membantu ya Kak 😊 -Rima'),unistr('@qinkqonk Halo Kak @qinkqonk, terima kasih sudah bantu rekomendasikan🙏\u000aSebagai tambahan, setiap pelanggan memiliki kebutuhan dan preferensi yang berbeda, baik prabayar maupun pascabayar. Kami akan tetap bantu memastikan kendala yang disampaikan Kak Maudy bisa ditangani dengan baik agar layanan kembali nyaman digunakan.\u000aSemoga informasinya membantu ya Kak 😊 -Rima'),'Telkomsel',NULL,NULL,'data/articles/e74dae295e.md','success',NULL,'2026-03-22 03:06:06.756709','2026-03-22 03:06:06.756712');
INSERT INTO articles VALUES(52,12,'https://x.com/stccare_ksa/status/2035503535802986774',unistr('@Alghamdimydream حياك الله 💜\u000aتشرفنا بالتواصل معك عبر الخاص \u000a  طابت أوقاتك بكل خير 💜'),unistr('@Alghamdimydream حياك الله 💜\u000aتشرفنا بالتواصل معك عبر الخاص \u000a  طابت أوقاتك بكل خير 💜'),'stccare_ksa',NULL,NULL,'data/articles/16186340b1.md','success',NULL,'2026-03-22 03:06:06.759027','2026-03-22 03:06:06.759028');
INSERT INTO articles VALUES(53,12,'https://x.com/elonmusk/status/2035502735588798596','Big difference','Big difference','elonmusk',NULL,NULL,'data/articles/932e5a7a8f.md','success',NULL,'2026-03-22 03:06:06.760964','2026-03-22 03:06:06.760965');
INSERT INTO articles VALUES(54,12,'https://x.com/stccare_ksa/status/2035502709206368330',unistr('@valotx02 حياك الله  استاذي      🌷\u000aتشرفنا بالتواصل معك عبر الرسائل الخاصة 📩\u000aعيدكم مبارك وأيامكم سعيدة💜'),unistr('@valotx02 حياك الله  استاذي      🌷\u000aتشرفنا بالتواصل معك عبر الرسائل الخاصة 📩\u000aعيدكم مبارك وأيامكم سعيدة💜'),'stccare_ksa',NULL,NULL,'data/articles/dee07fed6b.md','success',NULL,'2026-03-22 03:06:06.762726','2026-03-22 03:06:06.762726');
INSERT INTO articles VALUES(55,12,'https://x.com/stccare_ksa/status/2035502543585882452',unistr('@king1628 حياك الله 🌷 \u000aلقد تشرفنا بالرد عليك عبر الرسائل الخاصة . \u000a\u000aشكرا لتواصلك معنا , دُمت بود 💜'),unistr('@king1628 حياك الله 🌷 \u000aلقد تشرفنا بالرد عليك عبر الرسائل الخاصة . \u000a\u000aشكرا لتواصلك معنا , دُمت بود 💜'),'stccare_ksa',NULL,NULL,'data/articles/b5481fadea.md','success',NULL,'2026-03-22 03:06:06.764711','2026-03-22 03:06:06.764713');
INSERT INTO articles VALUES(56,12,'https://x.com/elonmusk/status/2035502443442884943','@JessePeltan Yeah','@JessePeltan Yeah','elonmusk',NULL,NULL,'data/articles/8d64a77bb8.md','success',NULL,'2026-03-22 03:06:06.766831','2026-03-22 03:06:06.766832');
INSERT INTO articles VALUES(57,12,'https://x.com/Telkomsel/status/2035502302463992238','@dionysus2019 @iPoopBased Hai Kak @dionysus2019. Kami informasikan untuk masa aktif paket itu tersedia dari harian, mingguan, 28 hari hingga 30 hari. Jadi Kakak bisa pilih paketnya sesuai dengan kebutuhan di aplikasi MyTelkomsel ya. Terima kasih 😊 -Arca','@dionysus2019 @iPoopBased Hai Kak @dionysus2019. Kami informasikan untuk masa aktif paket itu tersedia dari harian, mingguan, 28 hari hingga 30 hari. Jadi Kakak bisa pilih paketnya sesuai dengan kebutuhan di aplikasi MyTelkomsel ya. Terima kasih 😊 -Arca','Telkomsel',NULL,NULL,'data/articles/0d4b1c75c2.md','success',NULL,'2026-03-22 03:06:06.768839','2026-03-22 03:06:06.768840');
INSERT INTO articles VALUES(58,12,'https://x.com/stccare_ksa/status/2035500791788687526',unistr('@saud_al_qht حياك الله أستاذي \u000aعيدكم مبارك  🌷\u000aطال عمرك تشرفنا بالرد عبر الرسائل الخاصة \u000aشكراً لتواصلك معنا 💜'),unistr('@saud_al_qht حياك الله أستاذي \u000aعيدكم مبارك  🌷\u000aطال عمرك تشرفنا بالرد عبر الرسائل الخاصة \u000aشكراً لتواصلك معنا 💜'),'stccare_ksa',NULL,NULL,'data/articles/87ff414b0e.md','success',NULL,'2026-03-22 03:06:06.770846','2026-03-22 03:06:06.770848');
INSERT INTO articles VALUES(59,12,'https://x.com/Telkomsel/status/2035500128933757191','@MasMan02 @Mmmadaaa @MiskinTV_ @MasMan02 Hai, Kak Man. Mohon maaf ya. Silakan infoin detail gangguan yang Kakak alami ke DM, Qiya akan bantu dengan solusi yang tepat dan kakak jadi nyaman pake Telkomselnya. Terima kasih😊-Qiya','@MasMan02 @Mmmadaaa @MiskinTV_ @MasMan02 Hai, Kak Man. Mohon maaf ya. Silakan infoin detail gangguan yang Kakak alami ke DM, Qiya akan bantu dengan solusi yang tepat dan kakak jadi nyaman pake Telkomselnya. Terima kasih😊-Qiya','Telkomsel',NULL,NULL,'data/articles/5014e6c8c5.md','success',NULL,'2026-03-22 03:06:06.773006','2026-03-22 03:06:06.773007');
INSERT INTO articles VALUES(60,12,'https://x.com/stccare_ksa/status/2035497228022763699',unistr('@HemoY20 حياك الله استاذي    🌷\u000aولا يهمك راح نقدم لك كامل الدعم والمساعدة لأجل حل الإشكالية اللي تواجهك 🙏\u000a\u000a  ننتظر تواصلك معنا عبر الخاص 📩\u000aعيدكم مبارك وأيامكم سعيدة💜\u000a\u000a  https://t.co/BQ84cJd1YB'),unistr('@HemoY20 حياك الله استاذي    🌷\u000aولا يهمك راح نقدم لك كامل الدعم والمساعدة لأجل حل الإشكالية اللي تواجهك 🙏\u000a\u000a  ننتظر تواصلك معنا عبر الخاص 📩\u000aعيدكم مبارك وأيامكم سعيدة💜\u000a\u000a  https://t.co/BQ84cJd1YB'),'stccare_ksa',NULL,NULL,'data/articles/abf59991b1.md','success',NULL,'2026-03-22 03:06:06.775082','2026-03-22 03:06:06.775083');
INSERT INTO articles VALUES(61,12,'https://x.com/Telkomsel/status/2035496572298137601','@secretbutmain_ @secretbutmain_ Tenang Kak, mohon maaf ya, udah coba cek menu “Beli Paket” di MyTelkomsel belum? masih banyak paket dengan masa aktif 30 hari dan paket menarik lainnya 🙏 -Qiya','@secretbutmain_ @secretbutmain_ Tenang Kak, mohon maaf ya, udah coba cek menu “Beli Paket” di MyTelkomsel belum? masih banyak paket dengan masa aktif 30 hari dan paket menarik lainnya 🙏 -Qiya','Telkomsel',NULL,NULL,'data/articles/ffb524b1db.md','success',NULL,'2026-03-22 03:06:06.777099','2026-03-22 03:06:06.777100');
INSERT INTO articles VALUES(62,12,'https://x.com/Telkomsel/status/2035495348874174813','@chupachupsiy Baik Kak @chupachupsiy cek berkala untuk respon DM nya ya, terima kasih 😊-Nala','@chupachupsiy Baik Kak @chupachupsiy cek berkala untuk respon DM nya ya, terima kasih 😊-Nala','Telkomsel',NULL,NULL,'data/articles/9d05cb1298.md','success',NULL,'2026-03-22 03:06:06.779088','2026-03-22 03:06:06.779088');
INSERT INTO articles VALUES(63,12,'https://x.com/stccare_ksa/status/2035494460432191915',unistr('@Dktbr حياك الله استاذي🌷\u000aمتواجدين دائمًا لخدمتكم وتحقيق رضاكم \u000aيسعدنا التواصل معكم عبر الرسائل الخاصة ومالك إلا اللي يرضيك 💜\u000aعيدكم مبارك وأيامكم سعيدة💜\u000a  https://t.co/BQ84cJd1YB'),unistr('@Dktbr حياك الله استاذي🌷\u000aمتواجدين دائمًا لخدمتكم وتحقيق رضاكم \u000aيسعدنا التواصل معكم عبر الرسائل الخاصة ومالك إلا اللي يرضيك 💜\u000aعيدكم مبارك وأيامكم سعيدة💜\u000a  https://t.co/BQ84cJd1YB'),'stccare_ksa',NULL,NULL,'data/articles/1575212284.md','success',NULL,'2026-03-22 03:06:06.781107','2026-03-22 03:06:06.781108');
INSERT INTO articles VALUES(64,12,'https://x.com/Optus/status/2035493740757094779','@callejap Hi Patricia. Sorry to hear about the service issues you are having. If you can send us a DM, we can assess this matter further from there. - Kyri','@callejap Hi Patricia. Sorry to hear about the service issues you are having. If you can send us a DM, we can assess this matter further from there. - Kyri','Optus',NULL,NULL,'data/articles/a5f8e1503f.md','success',NULL,'2026-03-22 03:06:06.784086','2026-03-22 03:06:06.784090');
INSERT INTO articles VALUES(65,12,'https://x.com/Telkomsel/status/2035493017013104931','@chupachupsiy Pagi, Kak. Selamat merayakan hari raya idul Fitri mohon maaf lahir dan batin ya. Untuk DM Kakak @chupachupsiy akan segera direspon. Mohon berkenan menunggu. Terima Kasih 😊 -Arca','@chupachupsiy Pagi, Kak. Selamat merayakan hari raya idul Fitri mohon maaf lahir dan batin ya. Untuk DM Kakak @chupachupsiy akan segera direspon. Mohon berkenan menunggu. Terima Kasih 😊 -Arca','Telkomsel',NULL,NULL,'data/articles/b8b2de5be4.md','success',NULL,'2026-03-22 03:06:06.787161','2026-03-22 03:06:06.787164');
INSERT INTO articles VALUES(66,12,'https://x.com/stccare_ksa/status/2035492751786070480',unistr('@epr2030 حياك الله \u000aتشرفنا بالتواصل معك عبر الخاص \u000a  طابت أوقاتك بكل خير 💜'),unistr('@epr2030 حياك الله \u000aتشرفنا بالتواصل معك عبر الخاص \u000a  طابت أوقاتك بكل خير 💜'),'stccare_ksa',NULL,NULL,'data/articles/8862094468.md','success',NULL,'2026-03-22 03:06:06.789818','2026-03-22 03:06:06.789819');
INSERT INTO articles VALUES(67,12,'https://x.com/Telkomsel/status/2035491221016351226','@sikucinkk Kak @sikucinkk, mohon maaf atas kendala akses Netflix-nya. Untuk kendalanya Kami bantu pengecekan lebih lanjut ya Kak. Untuk prosesnya, Kakak dapat konfirmasi ke DM serta infokan nomor Telkomsel-nya. Kami tunggu di DM Kak 🙏 -Cun','@sikucinkk Kak @sikucinkk, mohon maaf atas kendala akses Netflix-nya. Untuk kendalanya Kami bantu pengecekan lebih lanjut ya Kak. Untuk prosesnya, Kakak dapat konfirmasi ke DM serta infokan nomor Telkomsel-nya. Kami tunggu di DM Kak 🙏 -Cun','Telkomsel',NULL,NULL,'data/articles/316429750f.md','success',NULL,'2026-03-22 03:06:06.791863','2026-03-22 03:06:06.791864');
INSERT INTO articles VALUES(68,12,'https://x.com/stccare_ksa/status/2035491114090627531',unistr('@besoo_1990 وعليكم السلام ورحمة الله وبركاته \u000aحياك الله أ باسل 🌷 \u000aلقد تشرفنا بالرد عليك عبر الرسائل الخاصة . \u000a\u000aشكرا لتواصلك معنا , دُمت بود 💜'),unistr('@besoo_1990 وعليكم السلام ورحمة الله وبركاته \u000aحياك الله أ باسل 🌷 \u000aلقد تشرفنا بالرد عليك عبر الرسائل الخاصة . \u000a\u000aشكرا لتواصلك معنا , دُمت بود 💜'),'stccare_ksa',NULL,NULL,'data/articles/6c5daa36a2.md','success',NULL,'2026-03-22 03:06:06.793893','2026-03-22 03:06:06.793894');
INSERT INTO articles VALUES(69,12,'https://x.com/Telkomsel/status/2035488940007047198','@sunfl00wr_ @unmagnetism @sunfl00wr_ Mohon Maaf Kak. Qiya saranin Kakak juga bisa aktivasi langganan Call Manager dengan download aplikasinya di playstore atau appstore yaa. Info lebih lengkapnya bisa cek https://t.co/wRfQzz7agV 😊-Qiya','@sunfl00wr_ @unmagnetism @sunfl00wr_ Mohon Maaf Kak. Qiya saranin Kakak juga bisa aktivasi langganan Call Manager dengan download aplikasinya di playstore atau appstore yaa. Info lebih lengkapnya bisa cek https://t.co/wRfQzz7agV 😊-Qiya','Telkomsel',NULL,NULL,'data/articles/13d302042f.md','success',NULL,'2026-03-22 03:06:06.796682','2026-03-22 03:06:06.796684');
INSERT INTO articles VALUES(70,12,'https://x.com/stccare_ksa/status/2035487085633650893',unistr('@epr2030 حياك الله أستاذي \u000aعيدكم مبارك  🌷\u000aطال عمرك تشرفنا بالرد عبر الرسائل الخاصة \u000aشكراً لتواصلك معنا 💜'),unistr('@epr2030 حياك الله أستاذي \u000aعيدكم مبارك  🌷\u000aطال عمرك تشرفنا بالرد عبر الرسائل الخاصة \u000aشكراً لتواصلك معنا 💜'),'stccare_ksa',NULL,NULL,'data/articles/e5322f4ac8.md','success',NULL,'2026-03-22 03:06:06.799140','2026-03-22 03:06:06.799143');
INSERT INTO articles VALUES(71,12,'https://x.com/stccare_ksa/status/2035487001001009301',unistr('@Hilal00998 وعليكم السلام \u000a حياك الله أستاذي \u000aعيدكم مبارك  🌷\u000aطال عمرك تشرفنا بالرد عبر الرسائل الخاصة \u000aشكراً لتواصلك معنا 💜'),unistr('@Hilal00998 وعليكم السلام \u000a حياك الله أستاذي \u000aعيدكم مبارك  🌷\u000aطال عمرك تشرفنا بالرد عبر الرسائل الخاصة \u000aشكراً لتواصلك معنا 💜'),'stccare_ksa',NULL,NULL,'data/articles/b85a73d90c.md','success',NULL,'2026-03-22 03:06:06.801231','2026-03-22 03:06:06.801231');
INSERT INTO articles VALUES(72,12,'https://x.com/Telcel/status/2035485704524906884',unistr('@theBrynX_ @LauraMex @theBrynX_ Hola. ¡Bienvenido a su casa Telcel 🏡 Por favor envíanos un mensaje en privado para poder iniciar nuestra conversación por vía privada, quedamos en espera de su respuesta.\u000aGracias por contactarnos a su casa Telcel le atendió E T de Redes Sociales 🙋‍♂️ Telcel 📶'),unistr('@theBrynX_ @LauraMex @theBrynX_ Hola. ¡Bienvenido a su casa Telcel 🏡 Por favor envíanos un mensaje en privado para poder iniciar nuestra conversación por vía privada, quedamos en espera de su respuesta.\u000aGracias por contactarnos a su casa Telcel le atendió E T de Redes Sociales 🙋‍♂️ Telcel 📶'),'Telcel',NULL,NULL,'data/articles/0f86492db1.md','success',NULL,'2026-03-22 03:06:06.803152','2026-03-22 03:06:06.803152');
INSERT INTO articles VALUES(73,12,'https://x.com/Telkomsel/status/2035484817727607172','@GatotArdian @MyTelkomselApp @GatotArdian Hai, Kak Gatot. Mohon maaf ya. Buat kendalanya bisa Qiya bantu di DM ya Kak. Qiya saranin untuk Nomor Internetnya tidak berkenan di share ke publik untuk menghindari penggunaan data yang tidak diinginkan, untuk itu bisa Kakak hapus yaa dan lanjut ke DM🙏- Qiya','@GatotArdian @MyTelkomselApp @GatotArdian Hai, Kak Gatot. Mohon maaf ya. Buat kendalanya bisa Qiya bantu di DM ya Kak. Qiya saranin untuk Nomor Internetnya tidak berkenan di share ke publik untuk menghindari penggunaan data yang tidak diinginkan, untuk itu bisa Kakak hapus yaa dan lanjut ke DM🙏- Qiya','Telkomsel',NULL,NULL,'data/articles/4491d9805a.md','success',NULL,'2026-03-22 03:06:06.805085','2026-03-22 03:06:06.805086');
INSERT INTO articles VALUES(74,12,'https://x.com/Telcel/status/2035482735507050961',unistr('@claduza @claduza Buenas tardes Elizabeth. Bienvenido a tu casa Telcel te asiste E.C.\u000a\u000aPermítenos ayudarte, compártenos un DM con los detalles y a la brevedad te responderemos.\u000a\u000aGracias por contactarnos a tu casa Telcel. Te asiste E.C. de Redes Sociales.'),unistr('@claduza @claduza Buenas tardes Elizabeth. Bienvenido a tu casa Telcel te asiste E.C.\u000a\u000aPermítenos ayudarte, compártenos un DM con los detalles y a la brevedad te responderemos.\u000a\u000aGracias por contactarnos a tu casa Telcel. Te asiste E.C. de Redes Sociales.'),'Telcel',NULL,NULL,'data/articles/48715e0470.md','success',NULL,'2026-03-22 03:06:06.806866','2026-03-22 03:06:06.806868');
INSERT INTO articles VALUES(75,12,'https://x.com/stccare_ksa/status/2035482701940044239',unistr('@Fog2435 وعليكم السلام ورحمة الله وبركاته \u000aمساء الخير 🌷\u000a\u000aمتواجدين دائمًا لخدمتكم وتحقيق رضاكم 🙏🏻\u000a\u000aيسعدنا التواصل معكم عبر الرسائل الخاصة ومالك إلا اللي يرضيك 💜\u000a\u000a  https://t.co/BQ84cJd1YB'),unistr('@Fog2435 وعليكم السلام ورحمة الله وبركاته \u000aمساء الخير 🌷\u000a\u000aمتواجدين دائمًا لخدمتكم وتحقيق رضاكم 🙏🏻\u000a\u000aيسعدنا التواصل معكم عبر الرسائل الخاصة ومالك إلا اللي يرضيك 💜\u000a\u000a  https://t.co/BQ84cJd1YB'),'stccare_ksa',NULL,NULL,'data/articles/b0319cb772.md','success',NULL,'2026-03-22 03:06:06.808979','2026-03-22 03:06:06.808980');
INSERT INTO articles VALUES(76,12,'https://x.com/elonmusk/status/2035482522055012475','RT @dogeofficialceo: https://t.co/cRyP4BfFmK','RT @dogeofficialceo: https://t.co/cRyP4BfFmK','elonmusk',NULL,NULL,'data/articles/f928e99c10.md','success',NULL,'2026-03-22 03:06:06.810711','2026-03-22 03:06:06.810712');
INSERT INTO articles VALUES(77,12,'https://x.com/elonmusk/status/2035482478161576244',unistr('RT @XFreeze: It’s actually insane what SpaceX is doing to the space industry right now\u000a\u000aIn 1981, it cost ~$65,000 to put 1 kg into orbit\u000aFo…'),unistr('RT @XFreeze: It’s actually insane what SpaceX is doing to the space industry right now\u000a\u000aIn 1981, it cost ~$65,000 to put 1 kg into orbit\u000aFo…'),'elonmusk',NULL,NULL,'data/articles/d0edc7eece.md','success',NULL,'2026-03-22 03:06:06.813229','2026-03-22 03:06:06.813232');
INSERT INTO articles VALUES(78,12,'https://x.com/elonmusk/status/2035482345038573929',unistr('RT @JessePeltan: “China quality bad” is weapons grade cope.\u000a\u000aThe fact is that China has a grid that powers the largest manufacturing base t…'),unistr('RT @JessePeltan: “China quality bad” is weapons grade cope.\u000a\u000aThe fact is that China has a grid that powers the largest manufacturing base t…'),'elonmusk',NULL,NULL,'data/articles/0b698a4422.md','success',NULL,'2026-03-22 03:06:06.816316','2026-03-22 03:06:06.816318');
INSERT INTO articles VALUES(79,12,'https://x.com/elonmusk/status/2035482255624458544','RT @TAmTrib: "Your artificial meritocracy of Excel spreadsheets is propped up by millions of Americans with guns protecting you from the na…','RT @TAmTrib: "Your artificial meritocracy of Excel spreadsheets is propped up by millions of Americans with guns protecting you from the na…','elonmusk',NULL,NULL,'data/articles/d7bf599bd1.md','success',NULL,'2026-03-22 03:06:06.820250','2026-03-22 03:06:06.820251');
INSERT INTO articles VALUES(80,12,'https://x.com/elonmusk/status/2035481954737701190','@JessePeltan This is cool','@JessePeltan This is cool','elonmusk',NULL,NULL,'data/articles/500436b8bc.md','success',NULL,'2026-03-22 03:06:06.822152','2026-03-22 03:06:06.822152');
INSERT INTO articles VALUES(81,12,'https://x.com/elonmusk/status/2035481808213827662',unistr('RT @_SFTahoe: Changing Fiction to Reality\u000aThe Space Race will force us to drop the word “fiction” from so many things that used to be just…'),unistr('RT @_SFTahoe: Changing Fiction to Reality\u000aThe Space Race will force us to drop the word “fiction” from so many things that used to be just…'),'elonmusk',NULL,NULL,'data/articles/acf9e61567.md','success',NULL,'2026-03-22 03:06:06.823922','2026-03-22 03:06:06.823923');
INSERT INTO articles VALUES(82,12,'https://x.com/elonmusk/status/2035481471520223654','@p_ferragu 😂','@p_ferragu 😂','elonmusk',NULL,NULL,'data/articles/42c8519388.md','success',NULL,'2026-03-22 03:06:06.826004','2026-03-22 03:06:06.826005');
INSERT INTO articles VALUES(83,12,'https://x.com/stccare_ksa/status/2035481349008560364',unistr('@591974 حياك الله 🌷\u000aتم انتهاء مسابقة يوم التاسيس وجميع المشاركين فيها تم دخولهم للسحب و الان يمكن لكل عميل يحمل التطبيق و يسجل برقمه يتم دخوله للسحب بدون سؤال\u000aدمت بخير 💜'),unistr('@591974 حياك الله 🌷\u000aتم انتهاء مسابقة يوم التاسيس وجميع المشاركين فيها تم دخولهم للسحب و الان يمكن لكل عميل يحمل التطبيق و يسجل برقمه يتم دخوله للسحب بدون سؤال\u000aدمت بخير 💜'),'stccare_ksa',NULL,NULL,'data/articles/a2c29fc374.md','success',NULL,'2026-03-22 03:06:06.827846','2026-03-22 03:06:06.827847');
INSERT INTO articles VALUES(84,12,'https://x.com/stccare_ksa/status/2035481121517916340',unistr('@MwjbH48 حياك الله 💜\u000aتشرفنا بالتواصل معك عبر الخاص \u000a  طابت أوقاتك بكل خير 💜'),unistr('@MwjbH48 حياك الله 💜\u000aتشرفنا بالتواصل معك عبر الخاص \u000a  طابت أوقاتك بكل خير 💜'),'stccare_ksa',NULL,NULL,'data/articles/fb9b3b9068.md','success',NULL,'2026-03-22 03:06:06.830628','2026-03-22 03:06:06.830630');
INSERT INTO articles VALUES(85,12,'https://x.com/elonmusk/status/2035480739861688729','RT @Adams_Tech_AI: @cb_doge Elon❤️ https://t.co/qemPmOoNPg','RT @Adams_Tech_AI: @cb_doge Elon❤️ https://t.co/qemPmOoNPg','elonmusk',NULL,NULL,'data/articles/66364486e4.md','success',NULL,'2026-03-22 03:06:06.832523','2026-03-22 03:06:06.832525');
INSERT INTO articles VALUES(86,12,'https://x.com/elonmusk/status/2035480701177590253','RT @cb_doge: https://t.co/LuzS4qvPe1','RT @cb_doge: https://t.co/LuzS4qvPe1','elonmusk',NULL,NULL,'data/articles/2ea1bda41e.md','success',NULL,'2026-03-22 03:06:06.834829','2026-03-22 03:06:06.834831');
INSERT INTO articles VALUES(87,12,'https://x.com/stccare_ksa/status/2035480691173982639',unistr('@AH00400 وعليكم السلام ورحمة الله وبركاته\u000aحياك الله  استاذي  🌷\u000aتشرفنا بالتواصل معك عبر الرسائل الخاصة 📩\u000aعيدكم مبارك وأيامكم سعيدة💜'),unistr('@AH00400 وعليكم السلام ورحمة الله وبركاته\u000aحياك الله  استاذي  🌷\u000aتشرفنا بالتواصل معك عبر الرسائل الخاصة 📩\u000aعيدكم مبارك وأيامكم سعيدة💜'),'stccare_ksa',NULL,NULL,'data/articles/8d6dfa9669.md','success',NULL,'2026-03-22 03:06:06.836764','2026-03-22 03:06:06.836765');
INSERT INTO articles VALUES(88,12,'https://x.com/Telcel/status/2035478597708742830',unistr('@Elegrumpy @Elegrumpy Hola, Elena.\u000a\u000aPor favor envíanos un mensaje vía DM para poder iniciar nuestra conversación y brindarte la asesoría que necesitas. Quedamos en espera de tu respuesta.\u000a\u000aTe asiste JJ // RRSS.'),unistr('@Elegrumpy @Elegrumpy Hola, Elena.\u000a\u000aPor favor envíanos un mensaje vía DM para poder iniciar nuestra conversación y brindarte la asesoría que necesitas. Quedamos en espera de tu respuesta.\u000a\u000aTe asiste JJ // RRSS.'),'Telcel',NULL,NULL,'data/articles/10506b72cc.md','success',NULL,'2026-03-22 03:06:06.838606','2026-03-22 03:06:06.838607');
INSERT INTO articles VALUES(89,12,'https://x.com/Telcel/status/2035472688504770682',unistr('@KatGonzalezArt @KatGonzalezArt Hola   buenos días   es un gusto poder atenderte,  te hemos enviado  un DM, por  privado, para poder dar seguimiento a tu solicitud, estamos para apoyarte.\u000a \u000a🦋Espero tengas un excelente día🦋\u000a  Te atendió L.C 🦋❤✨👀'),unistr('@KatGonzalezArt @KatGonzalezArt Hola   buenos días   es un gusto poder atenderte,  te hemos enviado  un DM, por  privado, para poder dar seguimiento a tu solicitud, estamos para apoyarte.\u000a \u000a🦋Espero tengas un excelente día🦋\u000a  Te atendió L.C 🦋❤✨👀'),'Telcel',NULL,NULL,'data/articles/10a0d7a9d2.md','success',NULL,'2026-03-22 03:06:06.840676','2026-03-22 03:06:06.840677');
INSERT INTO articles VALUES(90,12,'https://x.com/elonmusk/status/2035471880002630092','@Resypto @TheLOTRMemes 😂','@Resypto @TheLOTRMemes 😂','elonmusk',NULL,NULL,'data/articles/bd21e239a4.md','success',NULL,'2026-03-22 03:06:06.842399','2026-03-22 03:06:06.842399');
INSERT INTO articles VALUES(91,12,'https://x.com/elonmusk/status/2035470539163308439','RT @liam_out_loud: “We seem to be getting closer and closer to a situation where nobody is responsible for what they did but we are all res…','RT @liam_out_loud: “We seem to be getting closer and closer to a situation where nobody is responsible for what they did but we are all res…','elonmusk',NULL,NULL,'data/articles/e76630ff83.md','success',NULL,'2026-03-22 03:06:06.844019','2026-03-22 03:06:06.844020');
INSERT INTO articles VALUES(92,12,'https://x.com/elonmusk/status/2035469786612940816','@ArtemisConsort This does seem like a fraudulent banking situation','@ArtemisConsort This does seem like a fraudulent banking situation','elonmusk',NULL,NULL,'data/articles/872be46b99.md','success',NULL,'2026-03-22 03:06:06.845613','2026-03-22 03:06:06.845613');
INSERT INTO articles VALUES(93,12,'https://x.com/Optus/status/2035467319309394170','@the_shagman I’m sorry to hear that. If you use the link below, it should allow you to send us a message from there. Let us know how this goes. – Kyri https://t.co/NImyk6wecf','@the_shagman I’m sorry to hear that. If you use the link below, it should allow you to send us a message from there. Let us know how this goes. – Kyri https://t.co/NImyk6wecf','Optus',NULL,NULL,'data/articles/38c897852f.md','success',NULL,'2026-03-22 03:06:06.847384','2026-03-22 03:06:06.847386');
INSERT INTO articles VALUES(94,12,'https://x.com/Telkomsel/status/2035460076941832208','@queerangi Benar Kak, penawaran paket di aplikasi MyTelkomsel sangat beragam termasuk masih tersedia paket dgn masa aktif 30 hari yang bisa kakak aktifin sesuai kebutuhannya ya. 😊 -Garra','@queerangi Benar Kak, penawaran paket di aplikasi MyTelkomsel sangat beragam termasuk masih tersedia paket dgn masa aktif 30 hari yang bisa kakak aktifin sesuai kebutuhannya ya. 😊 -Garra','Telkomsel',NULL,NULL,'data/articles/1de7e0a6f3.md','success',NULL,'2026-03-22 03:06:06.849172','2026-03-22 03:06:06.849173');
INSERT INTO articles VALUES(95,12,'https://x.com/Telkomsel/status/2035459780672929916','@nyxcelestials Mohon maaf, Kak. Untuk blokir panggilan dari nomor tidak dikenal otomatis dan tidak manual satu-persatu, Kakak bisa Block from unknown number/from stranger/Silence Unknown Callers di pengaturan HP sehingga nomor yang tidak ada di kontak akan otomatis terblokir🙏 -Garra','@nyxcelestials Mohon maaf, Kak. Untuk blokir panggilan dari nomor tidak dikenal otomatis dan tidak manual satu-persatu, Kakak bisa Block from unknown number/from stranger/Silence Unknown Callers di pengaturan HP sehingga nomor yang tidak ada di kontak akan otomatis terblokir🙏 -Garra','Telkomsel',NULL,NULL,'data/articles/5a5062b081.md','success',NULL,'2026-03-22 03:06:06.850814','2026-03-22 03:06:06.850815');
INSERT INTO articles VALUES(96,12,'https://x.com/elonmusk/status/2035456731187388565','RT @TRHLofficial: I’ll take the AI that doesn’t bIow everything up over pronouns tyvm','RT @TRHLofficial: I’ll take the AI that doesn’t bIow everything up over pronouns tyvm','elonmusk',NULL,NULL,'data/articles/e54aee0af3.md','success',NULL,'2026-03-22 03:06:06.852557','2026-03-22 03:06:06.852559');
INSERT INTO articles VALUES(97,12,'https://x.com/elonmusk/status/2035455997029081180','@EMostaque Time for cybernetic cognitive superpowers','@EMostaque Time for cybernetic cognitive superpowers','elonmusk',NULL,NULL,'data/articles/1f7698aa35.md','success',NULL,'2026-03-22 03:06:06.854874','2026-03-22 03:06:06.854875');
INSERT INTO articles VALUES(98,12,'https://x.com/Optus/status/2035455630329434261','@the_shagman I can definitely understand the hassles caused. Nonetheless, if you were to still send us a DM, we can look to follow up on this matter for you. - Kyri','@the_shagman I can definitely understand the hassles caused. Nonetheless, if you were to still send us a DM, we can look to follow up on this matter for you. - Kyri','Optus',NULL,NULL,'data/articles/cc7b051c3a.md','success',NULL,'2026-03-22 03:06:06.856590','2026-03-22 03:06:06.856591');
INSERT INTO articles VALUES(99,12,'https://x.com/elonmusk/status/2035455362737062181','@mark_k @xai I very much agree','@mark_k @xai I very much agree','elonmusk',NULL,NULL,'data/articles/9f2c1c1115.md','success',NULL,'2026-03-22 03:06:06.858291','2026-03-22 03:06:06.858292');
INSERT INTO articles VALUES(100,12,'https://x.com/elonmusk/status/2035452673731043727','@JessePeltan True','@JessePeltan True','elonmusk',NULL,NULL,'data/articles/72b7d74ae1.md','success',NULL,'2026-03-22 03:06:06.859863','2026-03-22 03:06:06.859864');
INSERT INTO articles VALUES(101,12,'https://x.com/mts/status/2035445293722775910','@IvanDanojlic Dobro veče, provere po prijavljenoj smetnji su u toku, kolege iz nadležne službe će Vas obavestiti u najkraćem mogućem roku, ljubazno Vas molimo za strpljenje.','@IvanDanojlic Dobro veče, provere po prijavljenoj smetnji su u toku, kolege iz nadležne službe će Vas obavestiti u najkraćem mogućem roku, ljubazno Vas molimo za strpljenje.','mts',NULL,NULL,'data/articles/c28017db1d.md','success',NULL,'2026-03-22 03:06:06.861475','2026-03-22 03:06:06.861475');
INSERT INTO articles VALUES(102,12,'https://x.com/Turkcell/status/2035432076539723943',unistr('Bu yarışta kurallar basit: Bol kahkaha, bol heyecan, bol neşe! 😇\u000a\u000aDijital Bahar rotasında Eskişehir Huzurevi’nde, büyüklerimizle birlikte eğlencenin temposunu artırıyor; her virajda biraz daha eğleniyor, her anı birlikte yaşıyoruz. 🏁 https://t.co/aQF0aHPGhr'),unistr('Bu yarışta kurallar basit: Bol kahkaha, bol heyecan, bol neşe! 😇\u000a\u000aDijital Bahar rotasında Eskişehir Huzurevi’nde, büyüklerimizle birlikte eğlencenin temposunu artırıyor; her virajda biraz daha eğleniyor, her anı birlikte yaşıyoruz. 🏁 https://t.co/aQF0aHPGhr'),'Turkcell',NULL,NULL,'data/articles/91cece343c.md','success',NULL,'2026-03-22 03:06:06.863064','2026-03-22 03:06:06.863065');
INSERT INTO articles VALUES(103,12,'https://x.com/Telkomsel/status/2035426901721072089','@amaliaaakkk Mohon maaf ya Kak @amaliaaakkk🙏🏻 Terkait kendala sinyalnya, silakan infokan nomor hp yg berkendala, tgl kejadian dan lokasi (Kecamatan dan Kota) di DM agar privasi terjaga. Terima kasih😊-Bian','@amaliaaakkk Mohon maaf ya Kak @amaliaaakkk🙏🏻 Terkait kendala sinyalnya, silakan infokan nomor hp yg berkendala, tgl kejadian dan lokasi (Kecamatan dan Kota) di DM agar privasi terjaga. Terima kasih😊-Bian','Telkomsel',NULL,NULL,'data/articles/c6a495add7.md','success',NULL,'2026-03-22 03:06:06.864658','2026-03-22 03:06:06.864658');
INSERT INTO articles VALUES(104,12,'https://x.com/Telkomsel/status/2035419265696936238','@bogie_reyzha @bogie_reyzha Kami bisa rekomendasikan paket-paket yg murah dan cocok untuk Kak Reyzha. Tolong infokan No. HP via DM ya. Makasiih 😊 - Fio','@bogie_reyzha @bogie_reyzha Kami bisa rekomendasikan paket-paket yg murah dan cocok untuk Kak Reyzha. Tolong infokan No. HP via DM ya. Makasiih 😊 - Fio','Telkomsel',NULL,NULL,'data/articles/cdc6cd7189.md','success',NULL,'2026-03-22 03:06:06.866207','2026-03-22 03:06:06.866208');
INSERT INTO articles VALUES(105,12,'https://x.com/ITU/status/2035417675191521613','RT @ITU: New @ITU framework ION‑2030 to guide optical connectivity in the AI age, supporting 6G networks, data centres, broadband, home net…','RT @ITU: New @ITU framework ION‑2030 to guide optical connectivity in the AI age, supporting 6G networks, data centres, broadband, home net…','ITU',NULL,NULL,'data/articles/f15d8fe3c3.md','success',NULL,'2026-03-22 03:06:06.867797','2026-03-22 03:06:06.867797');
INSERT INTO articles VALUES(106,12,'https://x.com/Telcel/status/2035416242115232032','@gebarreran @Telefonia_S @gebarreran Hola, Gilberto. Permítenos apoyarte por este medio; para cualquier duda o aclaración, contáctanos vía DM. Adicional, compártenos número a 10 dígitos y nombre completo del titular. Te asiste D.C.','@gebarreran @Telefonia_S @gebarreran Hola, Gilberto. Permítenos apoyarte por este medio; para cualquier duda o aclaración, contáctanos vía DM. Adicional, compártenos número a 10 dígitos y nombre completo del titular. Te asiste D.C.','Telcel',NULL,NULL,'data/articles/1b72a799bf.md','success',NULL,'2026-03-22 03:06:06.869358','2026-03-22 03:06:06.869359');
INSERT INTO articles VALUES(107,12,'https://x.com/OoredooDZ/status/2035416146896158763',unistr('البنيون راه يستنى فيكم بصح العرض تاع Ooredoo  ما يستناش!\u000aاستفيدوا من10Go  بـ 190 دج برك وابقاو كونيكتي مع الحباب طول العيد. https://t.co/9kOOBKDATs'),unistr('البنيون راه يستنى فيكم بصح العرض تاع Ooredoo  ما يستناش!\u000aاستفيدوا من10Go  بـ 190 دج برك وابقاو كونيكتي مع الحباب طول العيد. https://t.co/9kOOBKDATs'),'OoredooDZ',NULL,NULL,'data/articles/53ac79a2ef.md','success',NULL,'2026-03-22 03:06:06.871435','2026-03-22 03:06:06.871437');
INSERT INTO articles VALUES(108,12,'https://x.com/Telkomsel/status/2035414387364880405','@Luminova_3 @iPoopBased @triindonesia @Luminova_3 Kak Nova, maaf ya, Telkomsel selalu melakukan pembaruan penawaran paket pada waktu-waktu tertentu agar sesuai dengan profil pelanggan. Cek di aplikasi MyTelkomsel Kak buat lihat penawaran yang sesuai kebutuhan Kakak. Terima kasih 😊-Gea','@Luminova_3 @iPoopBased @triindonesia @Luminova_3 Kak Nova, maaf ya, Telkomsel selalu melakukan pembaruan penawaran paket pada waktu-waktu tertentu agar sesuai dengan profil pelanggan. Cek di aplikasi MyTelkomsel Kak buat lihat penawaran yang sesuai kebutuhan Kakak. Terima kasih 😊-Gea','Telkomsel',NULL,NULL,'data/articles/b1240ef1d8.md','success',NULL,'2026-03-22 03:06:06.873308','2026-03-22 03:06:06.873310');
INSERT INTO articles VALUES(109,12,'https://x.com/Telkomsel/status/2035413359580061922','@openwheni @iPoopBased Halo, mohon maaf Kak @openwheni. Untuk kendala seputar layanan by.U, silakan langsung DM ke @byu_id ya. Terima kasih  😊-Zidane','@openwheni @iPoopBased Halo, mohon maaf Kak @openwheni. Untuk kendala seputar layanan by.U, silakan langsung DM ke @byu_id ya. Terima kasih  😊-Zidane','Telkomsel',NULL,NULL,'data/articles/dffa607429.md','success',NULL,'2026-03-22 03:06:06.875087','2026-03-22 03:06:06.875088');
INSERT INTO articles VALUES(110,12,'https://x.com/Telkomsel/status/2035410436871643156','@AchChakim @unmagnetism Hi Kak @AchChakim. Untuk proses reaktivasi nomor, Kakak dapat coba dulu melalui *888*89#. Kalau terkendala, Kakak dapat infokan nomor Telkomsel-nya ke DM biar bisa segera dibantu lebih lanjut. Terima kasih 😊 -Cun','@AchChakim @unmagnetism Hi Kak @AchChakim. Untuk proses reaktivasi nomor, Kakak dapat coba dulu melalui *888*89#. Kalau terkendala, Kakak dapat infokan nomor Telkomsel-nya ke DM biar bisa segera dibantu lebih lanjut. Terima kasih 😊 -Cun','Telkomsel',NULL,NULL,'data/articles/91c1c7dad4.md','success',NULL,'2026-03-22 03:06:06.876676','2026-03-22 03:06:06.876677');
INSERT INTO articles VALUES(111,12,'https://x.com/Telkomsel/status/2035410386401509747','@SudewoKTT @iPoopBased @SudewoKTT Paket Telkomsel sangat beragam Kak Sudewo, ada yg masa aktifnya 1 hari, 3, 7, 28 &amp; 30 hari. Benefitnya juga beragam, silakan pilih dan beli paket sesuai kebutuhan. Saat ini masih banyak pilihan paket dengan masa aktif 30 hari. Makasiih 😊 - Fio','@SudewoKTT @iPoopBased @SudewoKTT Paket Telkomsel sangat beragam Kak Sudewo, ada yg masa aktifnya 1 hari, 3, 7, 28 &amp; 30 hari. Benefitnya juga beragam, silakan pilih dan beli paket sesuai kebutuhan. Saat ini masih banyak pilihan paket dengan masa aktif 30 hari. Makasiih 😊 - Fio','Telkomsel',NULL,NULL,'data/articles/04cd267f0f.md','success',NULL,'2026-03-22 03:06:06.878255','2026-03-22 03:06:06.878256');
INSERT INTO articles VALUES(112,12,'https://x.com/Telkomsel/status/2035405266368544896','@yemT__T @yemT__T Jangan malas ya Kak Yemima, pasti nanti akan dibantu perbaikan kok. Yuk bisa infokan datanya ke DM ya Kak. Terima kasih 🙏-Gea','@yemT__T @yemT__T Jangan malas ya Kak Yemima, pasti nanti akan dibantu perbaikan kok. Yuk bisa infokan datanya ke DM ya Kak. Terima kasih 🙏-Gea','Telkomsel',NULL,NULL,'data/articles/429d10d07f.md','success',NULL,'2026-03-22 03:06:06.880016','2026-03-22 03:06:06.880017');
INSERT INTO articles VALUES(113,12,'https://x.com/Telkomsel/status/2035401800891986417','@eathislutt @iyaasans Gudnite Kak @eathislutt. Kakak bisa aktivasi paket sesuai kebutuhan yang tersedia di aplikasi MyTelkomsel ya  😊-Zidane','@eathislutt @iyaasans Gudnite Kak @eathislutt. Kakak bisa aktivasi paket sesuai kebutuhan yang tersedia di aplikasi MyTelkomsel ya  😊-Zidane','Telkomsel',NULL,NULL,'data/articles/1b38f81ad0.md','success',NULL,'2026-03-22 03:06:06.881743','2026-03-22 03:06:06.881744');
INSERT INTO articles VALUES(114,12,'https://x.com/Telcel/status/2035386357174923771',unistr('@thelittledog_mx @CerebrosG @thelittledog_mx Bienvenido a su casa Telcel. 🎭\u000a\u000aCon gusto podemos apoyarte con tu solicitud, solo te pedimos escribirnos por DM para darle seguimiento.\u000a\u000aGracias por contactarnos a su casa Telcel le atendió JM de RS. 🏈'),unistr('@thelittledog_mx @CerebrosG @thelittledog_mx Bienvenido a su casa Telcel. 🎭\u000a\u000aCon gusto podemos apoyarte con tu solicitud, solo te pedimos escribirnos por DM para darle seguimiento.\u000a\u000aGracias por contactarnos a su casa Telcel le atendió JM de RS. 🏈'),'Telcel',NULL,NULL,'data/articles/cabc47c1fd.md','success',NULL,'2026-03-22 03:06:06.883487','2026-03-22 03:06:06.883488');
INSERT INTO articles VALUES(115,12,'https://x.com/Telcel/status/2035382479893279047','@thelittlebyul @thelittlebyul  Por favor permítenos apoyarte con tu solicitud. Para darte una mejor atención escríbenos por mensaje privado, esperamos que puedas seguir nuestra conversación en inbox para dar seguimiento a este tema.','@thelittlebyul @thelittlebyul  Por favor permítenos apoyarte con tu solicitud. Para darte una mejor atención escríbenos por mensaje privado, esperamos que puedas seguir nuestra conversación en inbox para dar seguimiento a este tema.','Telcel',NULL,NULL,'data/articles/6b6517ed3a.md','success',NULL,'2026-03-22 03:06:06.885652','2026-03-22 03:06:06.885655');
INSERT INTO articles VALUES(116,12,'https://x.com/PodiumHQ/status/2035381796461015117',unistr('This is what it looks like when AI actually works in a dealership.\u000a\u000aRoman at All Things Automotive chose Podium over hiring another salesperson and saw immediate results:\u000a\u000a⚡ faster responses\u000a📅 more appointments\u000a🔥 more energy on the floor\u000a\u000aTake a listen 🎧\u000a\u000aYouTube: https://t.co/3j8LCaMgLQ\u000aApple Podcasts: https://t.co/miEzpCvxFc\u000aSpotify: https://t.co/8fqTC1FrAX'),unistr('This is what it looks like when AI actually works in a dealership.\u000a\u000aRoman at All Things Automotive chose Podium over hiring another salesperson and saw immediate results:\u000a\u000a⚡ faster responses\u000a📅 more appointments\u000a🔥 more energy on the floor\u000a\u000aTake a listen 🎧\u000a\u000aYouTube: https://t.co/3j8LCaMgLQ\u000aApple Podcasts: https://t.co/miEzpCvxFc\u000aSpotify: https://t.co/8fqTC1FrAX'),'PodiumHQ',NULL,NULL,'data/articles/e5d4bb8287.md','success',NULL,'2026-03-22 03:06:06.887531','2026-03-22 03:06:06.887532');
INSERT INTO articles VALUES(117,12,'https://x.com/Telcel/status/2035376777598533786',unistr('@Lukabear3 @adriandelmar20 @Lukabear3 \u000a¡Hola, Lukabear! 🌌\u000aEscríbenos a través de nuestras redes oficiales en Facebook, Instagram o X para brindarte la atención que requieres.\u000aOA'),unistr('@Lukabear3 @adriandelmar20 @Lukabear3 \u000a¡Hola, Lukabear! 🌌\u000aEscríbenos a través de nuestras redes oficiales en Facebook, Instagram o X para brindarte la atención que requieres.\u000aOA'),'Telcel',NULL,NULL,'data/articles/4f23da22d6.md','success',NULL,'2026-03-22 03:06:06.889279','2026-03-22 03:06:06.889280');
INSERT INTO articles VALUES(118,12,'https://x.com/Telcel/status/2035363796949070287','@TamaraSuhey @TamaraSuhey  Por favor permítenos apoyarte con tu solicitud. Para darte una mejor atención escríbenos por mensaje privado, esperamos que puedas seguir nuestra conversación en inbox para dar seguimiento a este tema.','@TamaraSuhey @TamaraSuhey  Por favor permítenos apoyarte con tu solicitud. Para darte una mejor atención escríbenos por mensaje privado, esperamos que puedas seguir nuestra conversación en inbox para dar seguimiento a este tema.','Telcel',NULL,NULL,'data/articles/c328a2b497.md','success',NULL,'2026-03-22 03:06:06.891545','2026-03-22 03:06:06.891546');
INSERT INTO articles VALUES(119,12,'https://x.com/Telcel/status/2035360495557837311','@alvarez_no14424 @alvarez_no14424 Hola Noema, buen día, para poder atenderte, escríbenos vía DM, te asiste LR 🌠','@alvarez_no14424 @alvarez_no14424 Hola Noema, buen día, para poder atenderte, escríbenos vía DM, te asiste LR 🌠','Telcel',NULL,NULL,'data/articles/089e0de22f.md','success',NULL,'2026-03-22 03:06:06.893364','2026-03-22 03:06:06.893365');
INSERT INTO articles VALUES(120,12,'https://x.com/OoredooDZ/status/2035355749724090607',unistr('كل ولاية وعندها بْنّتها في العيد!\u000aأحكيولنافي التعليقات واش هي العادات والتقاليد اللي تميز منطقتكم نهار اليوم؟ https://t.co/pfb6pMdGY3'),unistr('كل ولاية وعندها بْنّتها في العيد!\u000aأحكيولنافي التعليقات واش هي العادات والتقاليد اللي تميز منطقتكم نهار اليوم؟ https://t.co/pfb6pMdGY3'),'OoredooDZ',NULL,NULL,'data/articles/fa622c3533.md','success',NULL,'2026-03-22 03:06:06.895054','2026-03-22 03:06:06.895055');
INSERT INTO articles VALUES(121,12,'https://x.com/Telcel/status/2035354832723169351','@Rojolinda @Profeco @Rojolinda Le hemos enviado mensaje por DM; quedamos al pendiente por ese medio. Le asiste SSJ de RS.','@Rojolinda @Profeco @Rojolinda Le hemos enviado mensaje por DM; quedamos al pendiente por ese medio. Le asiste SSJ de RS.','Telcel',NULL,NULL,'data/articles/01ae630fc4.md','success',NULL,'2026-03-22 03:06:06.896926','2026-03-22 03:06:06.896927');
INSERT INTO articles VALUES(122,12,'https://x.com/Telcel/status/2035344409982636230','@Anyka72983823 @_Hxavydirtysxul @Anyka72983823 ¡Hola! 👋 no hemos podido escribirte mensaje directo, te pedimos nos escribas por DM para continuar ayudándote. Te asiste JQ RS. ✍🤖','@Anyka72983823 @_Hxavydirtysxul @Anyka72983823 ¡Hola! 👋 no hemos podido escribirte mensaje directo, te pedimos nos escribas por DM para continuar ayudándote. Te asiste JQ RS. ✍🤖','Telcel',NULL,NULL,'data/articles/eddfe8f79e.md','success',NULL,'2026-03-22 03:06:06.900049','2026-03-22 03:06:06.900051');
INSERT INTO articles VALUES(123,12,'https://x.com/Telcel/status/2035343881978487274','@kylar023 @jandroDmos @kylar023 Hola. Por favor permítenos apoyarte con el tema que presentas. Para darte una mejor atención te pedimos que nos envíes DM, esperamos que puedas seguir nuestra conversación en privado para dar seguimiento a este tema. Te atendió I.E de RRSS. 👻','@kylar023 @jandroDmos @kylar023 Hola. Por favor permítenos apoyarte con el tema que presentas. Para darte una mejor atención te pedimos que nos envíes DM, esperamos que puedas seguir nuestra conversación en privado para dar seguimiento a este tema. Te atendió I.E de RRSS. 👻','Telcel',NULL,NULL,'data/articles/2ae2ab97a2.md','success',NULL,'2026-03-22 03:06:06.902004','2026-03-22 03:06:06.902005');
INSERT INTO articles VALUES(124,12,'https://x.com/Telcel/status/2035342277367693549','@Thepaserone @Thepaserone Hola. Por favor permítenos apoyarte con el tema que presentas. Para darte una mejor atención te pedimos que nos envíes DM, esperamos que puedas seguir nuestra conversación en privado para dar seguimiento a este tema. Te atendió I.E de RRSS. 👻','@Thepaserone @Thepaserone Hola. Por favor permítenos apoyarte con el tema que presentas. Para darte una mejor atención te pedimos que nos envíes DM, esperamos que puedas seguir nuestra conversación en privado para dar seguimiento a este tema. Te atendió I.E de RRSS. 👻','Telcel',NULL,NULL,'data/articles/bd6c0cc5f0.md','success',NULL,'2026-03-22 03:06:06.903711','2026-03-22 03:06:06.903712');
INSERT INTO articles VALUES(125,12,'https://x.com/Optus/status/2035338018685628486',unistr('@AllanMous Hey Allan, thanks for getting in touch with our Social Media Team. \u000a\u000aCould you please provide a few more details about the username and password you''re referring to? Are you looking for the login details for your modem, or for your My Optus account?\u000a\u000aYou can also check out the links below for both Mobile APN settings, and APN settings for Mobile Broadband and Home Wireless Broadband.\u000a\u000aMobile APN settings → https://t.co/ojd6yojENy\u000a\u000aAPN & technical settings for Mobile Broadband and Home Wireless Broadband → https://t.co/X68eeJ2jPs\u000a\u000a- Tam'),unistr('@AllanMous Hey Allan, thanks for getting in touch with our Social Media Team. \u000a\u000aCould you please provide a few more details about the username and password you''re referring to? Are you looking for the login details for your modem, or for your My Optus account?\u000a\u000aYou can also check out the links below for both Mobile APN settings, and APN settings for Mobile Broadband and Home Wireless Broadband.\u000a\u000aMobile APN settings → https://t.co/ojd6yojENy\u000a\u000aAPN & technical settings for Mobile Broadband and Home'),'Optus',NULL,NULL,'data/articles/40ba8ae503.md','success',NULL,'2026-03-22 03:06:06.905354','2026-03-22 03:06:06.905355');
INSERT INTO articles VALUES(126,12,'https://x.com/ChinaMobile7/status/2035325556678668409','🦙During a self-driving trip in #Xinjiang, China, a tourist unexpectedly encountered the “Three Musketeers” of alpacas—instantly turning the comment section into a showcase of AI-generated creativity. #alpacas #travel #AI #comedy #reelsfacebook #chinatravel https://t.co/JSV5vHiEwc','🦙During a self-driving trip in #Xinjiang, China, a tourist unexpectedly encountered the “Three Musketeers” of alpacas—instantly turning the comment section into a showcase of AI-generated creativity. #alpacas #travel #AI #comedy #reelsfacebook #chinatravel https://t.co/JSV5vHiEwc','ChinaMobile7',NULL,NULL,'data/articles/dec12b4176.md','success',NULL,'2026-03-22 03:06:06.907049','2026-03-22 03:06:06.907050');
INSERT INTO articles VALUES(127,12,'https://x.com/iotbusinessnews/status/2029546959271264705','Cielo enhances remote connectivity for POS terminals in Brazil using @thalesgroup #eSIM platform based on GSMA #SGP32, ensuring secure, resilient, and seamless payment processing - #IoT #InternetOfThings #IoTnews #IoTBusinessNews https://t.co/ZdP3uClPHQ via @iotbusinessnews https://t.co/Gg7NNLQCOJ','Cielo enhances remote connectivity for POS terminals in Brazil using @thalesgroup #eSIM platform based on GSMA #SGP32, ensuring secure, resilient, and seamless payment processing - #IoT #InternetOfThings #IoTnews #IoTBusinessNews https://t.co/ZdP3uClPHQ via @iotbusinessnews https://t.co/Gg7NNLQCOJ','iotbusinessnews',NULL,NULL,'data/articles/b4200c243f.md','success',NULL,'2026-03-22 03:06:06.909592','2026-03-22 03:06:06.909595');
INSERT INTO articles VALUES(128,11,'https://36kr.com/newsflashes/3733477270896902?f=rss','软银计划在美国俄亥俄州建设5000亿美元的巨型AI数据中心','软银首席执行官孙正义当地时间3月20日表示，软银集团正筹划在美国俄亥俄州打造一个规模庞大的数据中心基础设施项目，将向这一单一项目投入5000亿美元。软银拟在美国能源部拥有的一处前铀浓缩设施旧址建设该人工智能计算综合体，其用电规模可达10吉瓦，预计该数据中心项目第一阶段将涵盖800兆瓦电力，耗资300亿至400亿美元，并将于2028年初完工。该项目将采用价值约330亿美元的燃气发电，这些发电设施将在本十年末之前安装完毕。',NULL,NULL,NULL,'data/articles/6e82c75e9b.md','success',NULL,'2026-03-22 03:06:16.885088','2026-03-22 03:06:16.885093');
INSERT INTO articles VALUES(129,11,'https://36kr.com/newsflashes/3733476689592577?f=rss','2026无锡马拉松鸣枪开跑 多人刷新马拉松项目个人最好成绩','北京时间3月22日，在2026无锡马拉松比赛中，男子组冠军是来自埃塞俄比亚的选手Kemal HUSEN，成绩为02:07:07。来自中国贵州的马拉松新锐毛金虎跑出02:07:36的好成绩，获得亚军，刷新个人最好成绩。',NULL,NULL,NULL,'data/articles/450bd0a004.md','success',NULL,'2026-03-22 03:06:16.889107','2026-03-22 03:06:16.889110');
CREATE TABLE jobs (
	id INTEGER NOT NULL, 
	rule_id INTEGER, 
	status VARCHAR(20), 
	trigger_type VARCHAR(20), 
	started_at DATETIME, 
	finished_at DATETIME, 
	articles_count INTEGER, 
	success_count INTEGER, 
	failed_count INTEGER, 
	error_message TEXT, 
	created_at DATETIME, 
	PRIMARY KEY (id), 
	FOREIGN KEY(rule_id) REFERENCES rules (id) ON DELETE CASCADE
);
INSERT INTO jobs VALUES(1,10,'success','manual','2026-03-22 02:17:08.848840','2026-03-22 02:17:10.546805',1,0,1,NULL,'2026-03-22 02:17:08.842631');
INSERT INTO jobs VALUES(2,10,'success','manual','2026-03-22 02:17:54.559046','2026-03-22 02:17:56.153143',1,0,1,NULL,'2026-03-22 02:17:54.550811');
INSERT INTO jobs VALUES(3,10,'success','manual','2026-03-22 02:21:01.299180','2026-03-22 02:21:03.631449',1,0,1,NULL,'2026-03-22 02:21:01.292849');
INSERT INTO jobs VALUES(4,10,'success','manual','2026-03-22 02:27:00.948208','2026-03-22 02:27:03.350046',20,20,0,NULL,'2026-03-22 02:27:00.941829');
INSERT INTO jobs VALUES(5,8,'success','manual','2026-03-22 02:27:43.393637','2026-03-22 02:27:49.914002',1,0,1,NULL,'2026-03-22 02:27:43.391378');
INSERT INTO jobs VALUES(6,11,'pending','manual',NULL,NULL,0,0,0,NULL,'2026-03-22 02:41:01.604025');
INSERT INTO jobs VALUES(7,11,'success','manual','2026-03-22 02:41:12.810658','2026-03-22 02:41:13.308322',20,20,0,NULL,'2026-03-22 02:41:12.806295');
INSERT INTO jobs VALUES(8,11,'success','manual','2026-03-22 02:42:39.146520','2026-03-22 02:42:39.664843',30,30,0,NULL,'2026-03-22 02:42:39.142985');
INSERT INTO jobs VALUES(9,11,'success','manual','2026-03-22 02:44:37.134282','2026-03-22 02:44:37.661352',30,30,0,NULL,'2026-03-22 02:44:37.130018');
INSERT INTO jobs VALUES(10,12,'success','manual','2026-03-22 03:01:53.289872','2026-03-22 03:01:55.923323',1,0,1,NULL,'2026-03-22 03:01:53.284919');
INSERT INTO jobs VALUES(11,12,'success','manual','2026-03-22 03:02:48.622023','2026-03-22 03:02:52.174061',1,0,1,NULL,'2026-03-22 03:02:48.617919');
INSERT INTO jobs VALUES(12,12,'running','manual',NULL,NULL,0,0,0,NULL,'2026-03-22 03:04:45.319490');
INSERT INTO jobs VALUES(13,12,'success','manual','2026-03-22 03:06:04.018462','2026-03-22 03:06:06.911088',87,87,0,NULL,'2026-03-22 03:06:04.010980');
INSERT INTO jobs VALUES(14,11,'success','manual','2026-03-22 03:06:16.463823','2026-03-22 03:06:16.913081',30,30,0,NULL,'2026-03-22 03:06:16.457792');
CREATE TABLE logs (
	id INTEGER NOT NULL, 
	job_id INTEGER, 
	level VARCHAR(20), 
	message TEXT, 
	created_at DATETIME, 
	PRIMARY KEY (id), 
	FOREIGN KEY(job_id) REFERENCES jobs (id) ON DELETE CASCADE
);
INSERT INTO logs VALUES(1,1,'info','Starting crawl for rule: Product Hunt - Daily Hot, render: http, content_type: json','2026-03-22 02:17:08.852912');
INSERT INTO logs VALUES(2,1,'info','Fetching URL: https://api.producthunt.com/v2/api/graphql, content_type: json','2026-03-22 02:17:08.855185');
INSERT INTO logs VALUES(3,1,'info','Using today date: 2026-03-22 for GraphQL query','2026-03-22 02:17:08.858148');
INSERT INTO logs VALUES(4,1,'info','Extracted 1 items, first item keys: [''data'']','2026-03-22 02:17:10.543292');
INSERT INTO logs VALUES(5,1,'info','Crawl completed: {''total'': 1, ''success'': 0, ''failed'': 1}','2026-03-22 02:17:10.548971');
INSERT INTO logs VALUES(6,2,'info','Starting crawl for rule: Product Hunt - Daily Hot, render: http, content_type: json','2026-03-22 02:17:54.566632');
INSERT INTO logs VALUES(7,2,'info','Fetching URL: https://api.producthunt.com/v2/api/graphql, content_type: json','2026-03-22 02:17:54.581790');
INSERT INTO logs VALUES(8,2,'info','Using today date: 2026-03-22 for GraphQL query','2026-03-22 02:17:54.585497');
INSERT INTO logs VALUES(9,2,'info','Extracted 1 items, first item keys: [''data'']','2026-03-22 02:17:56.151273');
INSERT INTO logs VALUES(10,2,'info','Crawl completed: {''total'': 1, ''success'': 0, ''failed'': 1}','2026-03-22 02:17:56.155867');
INSERT INTO logs VALUES(11,3,'info','Starting crawl for rule: Product Hunt - Daily Hot, render: http, content_type: json','2026-03-22 02:21:01.304614');
INSERT INTO logs VALUES(12,3,'info','Fetching URL: https://api.producthunt.com/v2/api/graphql, content_type: json','2026-03-22 02:21:01.307078');
INSERT INTO logs VALUES(13,3,'info','Using today date: 2026-03-22 for GraphQL query','2026-03-22 02:21:01.309019');
INSERT INTO logs VALUES(14,3,'info','Response text (first 500 chars): {"data":{"posts":{"edges":[]}}}','2026-03-22 02:21:03.625235');
INSERT INTO logs VALUES(15,3,'info','Extracted 1 items, first item keys: [''data'']','2026-03-22 02:21:03.629805');
INSERT INTO logs VALUES(16,3,'info','Crawl completed: {''total'': 1, ''success'': 0, ''failed'': 1}','2026-03-22 02:21:03.634237');
INSERT INTO logs VALUES(17,4,'info','Starting crawl for rule: Product Hunt - Daily Hot, render: http, content_type: json','2026-03-22 02:27:00.952794');
INSERT INTO logs VALUES(18,4,'info','Fetching URL: https://api.producthunt.com/v2/api/graphql, content_type: json','2026-03-22 02:27:00.955491');
INSERT INTO logs VALUES(19,4,'info','Using yesterday date: 2026-03-21 for GraphQL query','2026-03-22 02:27:00.957115');
INSERT INTO logs VALUES(20,4,'info','Response text (first 500 chars): {"data":{"posts":{"edges":[{"node":{"id":"1093404","name":"Design Agent by Lokuma","tagline":"The designer for your AI agents (Openclaw, CC, Codex)","votesCount":375,"commentsCount":71,"website":"https://www.producthunt.com/r/DW6P33NOZTQ6LJ?utm_campaign=producthunt-api\u0026utm_medium=api-v2\u0026utm_source=Application%3A+%E6%97%A9%E6%8A%A5+%28ID%3A+278879%29"}},{"node":{"id":"1103282","name":"Claude Cowork Projects","tagline":"Tasks, context, and files organized in one workspace","votesCount":3','2026-03-22 02:27:03.307881');
INSERT INTO logs VALUES(21,4,'info','Extracted 20 items, first item keys: [''id'', ''name'', ''tagline'', ''votesCount'', ''commentsCount'', ''website'']','2026-03-22 02:27:03.310234');
INSERT INTO logs VALUES(22,4,'info','Extracted API article: Design Agent by Lokuma','2026-03-22 02:27:03.314622');
INSERT INTO logs VALUES(23,4,'info','Extracted API article: Claude Cowork Projects','2026-03-22 02:27:03.316811');
INSERT INTO logs VALUES(24,4,'info','Extracted API article: Vite+ ','2026-03-22 02:27:03.319047');
INSERT INTO logs VALUES(25,4,'info','Extracted API article: Fractal','2026-03-22 02:27:03.321275');
INSERT INTO logs VALUES(26,4,'info','Extracted API article: Cursor Glass','2026-03-22 02:27:03.323100');
INSERT INTO logs VALUES(27,4,'info','Extracted API article: Contral','2026-03-22 02:27:03.324965');
INSERT INTO logs VALUES(28,4,'info','Extracted API article: murmur','2026-03-22 02:27:03.326752');
INSERT INTO logs VALUES(29,4,'info','Extracted API article: Replit Agent 4','2026-03-22 02:27:03.328761');
INSERT INTO logs VALUES(30,4,'info','Extracted API article: Mindspend','2026-03-22 02:27:03.330555');
INSERT INTO logs VALUES(31,4,'info','Extracted API article: Novi Notes','2026-03-22 02:27:03.332272');
INSERT INTO logs VALUES(32,4,'info','Extracted API article: Sanota','2026-03-22 02:27:03.333950');
INSERT INTO logs VALUES(33,4,'info','Extracted API article: Caplo','2026-03-22 02:27:03.335703');
INSERT INTO logs VALUES(34,4,'info','Extracted API article: optimo','2026-03-22 02:27:03.337553');
INSERT INTO logs VALUES(35,4,'info','Extracted API article: Educato App','2026-03-22 02:27:03.339241');
INSERT INTO logs VALUES(36,4,'info','Extracted API article: Everest AI','2026-03-22 02:27:03.340828');
INSERT INTO logs VALUES(37,4,'info','Extracted API article: EEVEE - EV Charging for Self-Employed','2026-03-22 02:27:03.342881');
INSERT INTO logs VALUES(38,4,'info','Extracted API article: dailytips.dev','2026-03-22 02:27:03.344452');
INSERT INTO logs VALUES(39,4,'info','Extracted API article: Buystocklot 2.0','2026-03-22 02:27:03.346030');
INSERT INTO logs VALUES(40,4,'info','Extracted API article: People Loop','2026-03-22 02:27:03.347759');
INSERT INTO logs VALUES(41,4,'info','Extracted API article: BetterGA','2026-03-22 02:27:03.349603');
INSERT INTO logs VALUES(42,4,'info','Crawl completed: {''total'': 20, ''success'': 20, ''failed'': 0}','2026-03-22 02:27:03.351810');
INSERT INTO logs VALUES(43,5,'info','Starting crawl for rule: Hacker News - Front Page, render: http, content_type: json','2026-03-22 02:27:43.395355');
INSERT INTO logs VALUES(44,5,'info','Fetching URL: https://hn.algolia.com/api/v1/search?tags=front_page&hitsPerPage=10, content_type: json','2026-03-22 02:27:43.397017');
INSERT INTO logs VALUES(45,5,'warning','httpx failed: , trying curl','2026-03-22 02:27:48.489318');
INSERT INTO logs VALUES(46,5,'info','Response text (first 500 chars): {"exhaustive":{"nbHits":true,"typo":true},"exhaustiveNbHits":true,"exhaustiveTypo":true,"hits":[{"_highlightResult":{"author":{"matchLevel":"none","matchedWords":[],"value":"vaylian"},"title":{"matchLevel":"none","matchedWords":[],"value":"Some things just take time"},"url":{"matchLevel":"none","matchedWords":[],"value":"https://lucumr.pocoo.org/2026/3/20/some-things-just-take-time/"}},"_tags":["story","author_vaylian","story_47467537","front_page"],"author":"vaylian","children":[47467559,474681','2026-03-22 02:27:49.909624');
INSERT INTO logs VALUES(47,5,'info','Extracted 1 items, first item keys: [''exhaustive'', ''exhaustiveNbHits'', ''exhaustiveTypo'', ''hits'', ''hitsPerPage'', ''nbHits'', ''nbPages'', ''page'', ''params'', ''processingTimeMS'', ''processingTimingsMS'', ''query'', ''serverTimeMS'']','2026-03-22 02:27:49.913168');
INSERT INTO logs VALUES(48,5,'info','Crawl completed: {''total'': 1, ''success'': 0, ''failed'': 1}','2026-03-22 02:27:49.915077');
INSERT INTO logs VALUES(49,7,'info','Starting crawl for rule: 36氪资讯, render: http, content_type: xml','2026-03-22 02:41:12.813198');
INSERT INTO logs VALUES(50,7,'info','Fetching URL: https://36kr.com/feed, content_type: xml','2026-03-22 02:41:12.814290');
INSERT INTO logs VALUES(51,7,'info','Limited to 20 items (total available: 30)','2026-03-22 02:41:13.248159');
INSERT INTO logs VALUES(52,7,'info','Extracted RSS article: “我的前额叶罢工了”，年轻人争相确诊“网红病”？','2026-03-22 02:41:13.256556');
INSERT INTO logs VALUES(53,7,'info','Extracted RSS article: 9点1氪：傅盛凌晨开撕周鸿祎称“被欠1个亿”，360回应；字节跳动413亿元卖掉沐瞳科技；伊朗战事持续或致油价升至180美元','2026-03-22 02:41:13.260739');
INSERT INTO logs VALUES(54,7,'info','Extracted RSS article: 万物云：与万科关联应收账款余额仅剩20.6亿，业务独立性持续增强','2026-03-22 02:41:13.264775');
INSERT INTO logs VALUES(55,7,'info','Extracted RSS article: 氪星晚报｜迪卡侬正式入驻拼多多；特斯拉计划2026年批量交付Semi电动卡车，价格或低于30万美元；消息人士：马斯克团队采购光伏设备预计将在5月第一周发货','2026-03-22 02:41:13.267835');
INSERT INTO logs VALUES(56,7,'info','Extracted RSS article: 阿迪达斯，不看好2026的自己','2026-03-22 02:41:13.270834');
INSERT INTO logs VALUES(57,7,'info','Extracted RSS article: RENOGY 如果新能源：如何用16年时间打造一家Global Native公司｜出海踏浪者','2026-03-22 02:41:13.274054');
INSERT INTO logs VALUES(58,7,'info','Extracted RSS article: 沙特土豪超60亿美元收购沐瞳：公司架构不变，张云帆仍是CEO','2026-03-22 02:41:13.276630');
INSERT INTO logs VALUES(59,7,'info','Extracted RSS article: 求购Anthropic老股份额；求购多家机器人公司老股份额｜资情留言板第181期','2026-03-22 02:41:13.279518');
INSERT INTO logs VALUES(60,7,'info','Extracted RSS article: 从能力到商品：Skills市场正在重塑开发者的生产方式','2026-03-22 02:41:13.282159');
INSERT INTO logs VALUES(61,7,'info','Extracted RSS article: 港中文95后博士、OPPO员工做了款AI可穿戴硬件，要成为用户全天候情感导师｜硬氪首发','2026-03-22 02:41:13.284690');
INSERT INTO logs VALUES(62,7,'info','Extracted RSS article: 北京高职自主招生报名今天启动','2026-03-22 02:41:13.287063');
INSERT INTO logs VALUES(63,7,'info','Extracted RSS article: 小阔集团联合华晨宇共创全新日化家居品牌“重点”','2026-03-22 02:41:13.289378');
INSERT INTO logs VALUES(64,7,'info','Extracted RSS article: 首钢与中国一汽成功合作研发2.4GPa级超高强度热成形钢','2026-03-22 02:41:13.291601');
INSERT INTO logs VALUES(65,7,'info','Extracted RSS article: 汤臣倍健：目前已在东南亚主要国家进行布局','2026-03-22 02:41:13.293724');
INSERT INTO logs VALUES(66,7,'info','Extracted RSS article: 中国发展高层论坛今日召开，蓝佛安、潘功胜将发声','2026-03-22 02:41:13.295905');
INSERT INTO logs VALUES(67,7,'info','Extracted RSS article: 清明假期火车票开售 深圳铁路部门预计发送旅客181.4万人次','2026-03-22 02:41:13.298978');
INSERT INTO logs VALUES(68,7,'info','Extracted RSS article: 被AI“偷走”声音 配音演员集体维权：希望构建合法共存生态','2026-03-22 02:41:13.301121');
INSERT INTO logs VALUES(69,7,'info','Extracted RSS article: 中国充电联盟：1-2月充电基础设施增量为91.8万个','2026-03-22 02:41:13.303479');
INSERT INTO logs VALUES(70,7,'info','Extracted RSS article: 协创数据：公司及下属企业均与超微电脑没有任何业务合作关系','2026-03-22 02:41:13.305722');
INSERT INTO logs VALUES(71,7,'info','Extracted RSS article: 阿尔凯默斯在印度推出司美格鲁肽注射液','2026-03-22 02:41:13.307842');
INSERT INTO logs VALUES(72,7,'info','Crawl completed: {''total'': 20, ''success'': 20, ''failed'': 0}','2026-03-22 02:41:13.309604');
INSERT INTO logs VALUES(73,8,'info','Starting crawl for rule: 36氪资讯, render: http, content_type: xml','2026-03-22 02:42:39.148215');
INSERT INTO logs VALUES(74,8,'info','Fetching URL: https://36kr.com/feed, content_type: xml','2026-03-22 02:42:39.149205');
INSERT INTO logs VALUES(75,8,'info','Limited to 50 items (total available: 30)','2026-03-22 02:42:39.578250');
INSERT INTO logs VALUES(76,8,'info','Extracted RSS article: “我的前额叶罢工了”，年轻人争相确诊“网红病”？','2026-03-22 02:42:39.588171');
INSERT INTO logs VALUES(77,8,'info','Extracted RSS article: 9点1氪：傅盛凌晨开撕周鸿祎称“被欠1个亿”，360回应；字节跳动413亿元卖掉沐瞳科技；伊朗战事持续或致油价升至180美元','2026-03-22 02:42:39.592065');
INSERT INTO logs VALUES(78,8,'info','Extracted RSS article: 万物云：与万科关联应收账款余额仅剩20.6亿，业务独立性持续增强','2026-03-22 02:42:39.595614');
INSERT INTO logs VALUES(79,8,'info','Extracted RSS article: 氪星晚报｜迪卡侬正式入驻拼多多；特斯拉计划2026年批量交付Semi电动卡车，价格或低于30万美元；消息人士：马斯克团队采购光伏设备预计将在5月第一周发货','2026-03-22 02:42:39.599810');
INSERT INTO logs VALUES(80,8,'info','Extracted RSS article: 阿迪达斯，不看好2026的自己','2026-03-22 02:42:39.603304');
INSERT INTO logs VALUES(81,8,'info','Extracted RSS article: RENOGY 如果新能源：如何用16年时间打造一家Global Native公司｜出海踏浪者','2026-03-22 02:42:39.606835');
INSERT INTO logs VALUES(82,8,'info','Extracted RSS article: 沙特土豪超60亿美元收购沐瞳：公司架构不变，张云帆仍是CEO','2026-03-22 02:42:39.609603');
INSERT INTO logs VALUES(83,8,'info','Extracted RSS article: 求购Anthropic老股份额；求购多家机器人公司老股份额｜资情留言板第181期','2026-03-22 02:42:39.612246');
INSERT INTO logs VALUES(84,8,'info','Extracted RSS article: 从能力到商品：Skills市场正在重塑开发者的生产方式','2026-03-22 02:42:39.614907');
INSERT INTO logs VALUES(85,8,'info','Extracted RSS article: 港中文95后博士、OPPO员工做了款AI可穿戴硬件，要成为用户全天候情感导师｜硬氪首发','2026-03-22 02:42:39.617827');
INSERT INTO logs VALUES(86,8,'info','Extracted RSS article: 北京高职自主招生报名今天启动','2026-03-22 02:42:39.620826');
INSERT INTO logs VALUES(87,8,'info','Extracted RSS article: 小阔集团联合华晨宇共创全新日化家居品牌“重点”','2026-03-22 02:42:39.623260');
INSERT INTO logs VALUES(88,8,'info','Extracted RSS article: 首钢与中国一汽成功合作研发2.4GPa级超高强度热成形钢','2026-03-22 02:42:39.625603');
INSERT INTO logs VALUES(89,8,'info','Extracted RSS article: 汤臣倍健：目前已在东南亚主要国家进行布局','2026-03-22 02:42:39.627727');
INSERT INTO logs VALUES(90,8,'info','Extracted RSS article: 中国发展高层论坛今日召开，蓝佛安、潘功胜将发声','2026-03-22 02:42:39.629803');
INSERT INTO logs VALUES(91,8,'info','Extracted RSS article: 清明假期火车票开售 深圳铁路部门预计发送旅客181.4万人次','2026-03-22 02:42:39.632650');
INSERT INTO logs VALUES(92,8,'info','Extracted RSS article: 被AI“偷走”声音 配音演员集体维权：希望构建合法共存生态','2026-03-22 02:42:39.634628');
INSERT INTO logs VALUES(93,8,'info','Extracted RSS article: 中国充电联盟：1-2月充电基础设施增量为91.8万个','2026-03-22 02:42:39.636735');
INSERT INTO logs VALUES(94,8,'info','Extracted RSS article: 协创数据：公司及下属企业均与超微电脑没有任何业务合作关系','2026-03-22 02:42:39.639219');
INSERT INTO logs VALUES(95,8,'info','Extracted RSS article: 阿尔凯默斯在印度推出司美格鲁肽注射液','2026-03-22 02:42:39.641338');
INSERT INTO logs VALUES(96,8,'info','Extracted RSS article: 国家级电力人工智能中试基地迎首批企业，华为、中兴、百度等入驻','2026-03-22 02:42:39.643210');
INSERT INTO logs VALUES(97,8,'info','Extracted RSS article: 亚马逊正开发整合AI能力且与其语音助手Alexa同步的智能手机','2026-03-22 02:42:39.645055');
INSERT INTO logs VALUES(98,8,'info','Extracted RSS article: 我国自主研发的期刊评价体系正式发布','2026-03-22 02:42:39.646902');
INSERT INTO logs VALUES(99,8,'info','Extracted RSS article: 欧洲央行管委Nagel：如有必要，可以迅速行动应对通胀风险','2026-03-22 02:42:39.648918');
INSERT INTO logs VALUES(100,8,'info','Extracted RSS article: 华为将发布首款风冷散热手机','2026-03-22 02:42:39.651302');
INSERT INTO logs VALUES(101,8,'info','Extracted RSS article: 我国电动汽车充电基础设施总数达2101.0万个','2026-03-22 02:42:39.653569');
INSERT INTO logs VALUES(102,8,'info','Extracted RSS article: LiblibAI发布AI视频创作平台LibTV','2026-03-22 02:42:39.656248');
INSERT INTO logs VALUES(103,8,'info','Extracted RSS article: 胖东来正与酒鬼酒洽谈600元新品','2026-03-22 02:42:39.658651');
INSERT INTO logs VALUES(104,8,'info','Extracted RSS article: 马斯克：Optimus+PV将是首个冯诺依曼探测器','2026-03-22 02:42:39.661281');
INSERT INTO logs VALUES(105,8,'info','Extracted RSS article: 雷军官宣：XiaomiMiMo首周限免开放','2026-03-22 02:42:39.663771');
INSERT INTO logs VALUES(106,8,'info','Crawl completed: {''total'': 30, ''success'': 30, ''failed'': 0}','2026-03-22 02:42:39.666485');
INSERT INTO logs VALUES(107,9,'info','Starting crawl for rule: 36氪资讯, render: http, content_type: xml','2026-03-22 02:44:37.136142');
INSERT INTO logs VALUES(108,9,'info','Fetching URL: https://36kr.com/feed, content_type: xml','2026-03-22 02:44:37.137009');
INSERT INTO logs VALUES(109,9,'info','Limited to 50 items (total available: 30)','2026-03-22 02:44:37.550241');
INSERT INTO logs VALUES(110,9,'info','Extracted RSS article: “我的前额叶罢工了”，年轻人争相确诊“网红病”？','2026-03-22 02:44:37.561535');
INSERT INTO logs VALUES(111,9,'info','Extracted RSS article: 9点1氪：傅盛凌晨开撕周鸿祎称“被欠1个亿”，360回应；字节跳动413亿元卖掉沐瞳科技；伊朗战事持续或致油价升至180美元','2026-03-22 02:44:37.566711');
INSERT INTO logs VALUES(112,9,'info','Extracted RSS article: 万物云：与万科关联应收账款余额仅剩20.6亿，业务独立性持续增强','2026-03-22 02:44:37.570449');
INSERT INTO logs VALUES(113,9,'info','Extracted RSS article: 氪星晚报｜迪卡侬正式入驻拼多多；特斯拉计划2026年批量交付Semi电动卡车，价格或低于30万美元；消息人士：马斯克团队采购光伏设备预计将在5月第一周发货','2026-03-22 02:44:37.574277');
INSERT INTO logs VALUES(114,9,'info','Extracted RSS article: 阿迪达斯，不看好2026的自己','2026-03-22 02:44:37.577748');
INSERT INTO logs VALUES(115,9,'info','Extracted RSS article: RENOGY 如果新能源：如何用16年时间打造一家Global Native公司｜出海踏浪者','2026-03-22 02:44:37.581558');
INSERT INTO logs VALUES(116,9,'info','Extracted RSS article: 沙特土豪超60亿美元收购沐瞳：公司架构不变，张云帆仍是CEO','2026-03-22 02:44:37.584679');
INSERT INTO logs VALUES(117,9,'info','Extracted RSS article: 求购Anthropic老股份额；求购多家机器人公司老股份额｜资情留言板第181期','2026-03-22 02:44:37.587605');
INSERT INTO logs VALUES(118,9,'info','Extracted RSS article: 从能力到商品：Skills市场正在重塑开发者的生产方式','2026-03-22 02:44:37.590558');
INSERT INTO logs VALUES(119,9,'info','Extracted RSS article: 港中文95后博士、OPPO员工做了款AI可穿戴硬件，要成为用户全天候情感导师｜硬氪首发','2026-03-22 02:44:37.593648');
INSERT INTO logs VALUES(120,9,'info','Extracted RSS article: 北京高职自主招生报名今天启动','2026-03-22 02:44:37.596380');
INSERT INTO logs VALUES(121,9,'info','Extracted RSS article: 小阔集团联合华晨宇共创全新日化家居品牌“重点”','2026-03-22 02:44:37.600970');
INSERT INTO logs VALUES(122,9,'info','Extracted RSS article: 首钢与中国一汽成功合作研发2.4GPa级超高强度热成形钢','2026-03-22 02:44:37.604084');
INSERT INTO logs VALUES(123,9,'info','Extracted RSS article: 汤臣倍健：目前已在东南亚主要国家进行布局','2026-03-22 02:44:37.606847');
INSERT INTO logs VALUES(124,9,'info','Extracted RSS article: 中国发展高层论坛今日召开，蓝佛安、潘功胜将发声','2026-03-22 02:44:37.610006');
INSERT INTO logs VALUES(125,9,'info','Extracted RSS article: 清明假期火车票开售 深圳铁路部门预计发送旅客181.4万人次','2026-03-22 02:44:37.612926');
INSERT INTO logs VALUES(126,9,'info','Extracted RSS article: 被AI“偷走”声音 配音演员集体维权：希望构建合法共存生态','2026-03-22 02:44:37.616655');
INSERT INTO logs VALUES(127,9,'info','Extracted RSS article: 中国充电联盟：1-2月充电基础设施增量为91.8万个','2026-03-22 02:44:37.619500');
INSERT INTO logs VALUES(128,9,'info','Extracted RSS article: 协创数据：公司及下属企业均与超微电脑没有任何业务合作关系','2026-03-22 02:44:37.622441');
INSERT INTO logs VALUES(129,9,'info','Extracted RSS article: 阿尔凯默斯在印度推出司美格鲁肽注射液','2026-03-22 02:44:37.625432');
INSERT INTO logs VALUES(130,9,'info','Extracted RSS article: 国家级电力人工智能中试基地迎首批企业，华为、中兴、百度等入驻','2026-03-22 02:44:37.628699');
INSERT INTO logs VALUES(131,9,'info','Extracted RSS article: 亚马逊正开发整合AI能力且与其语音助手Alexa同步的智能手机','2026-03-22 02:44:37.632950');
INSERT INTO logs VALUES(132,9,'info','Extracted RSS article: 我国自主研发的期刊评价体系正式发布','2026-03-22 02:44:37.635983');
INSERT INTO logs VALUES(133,9,'info','Extracted RSS article: 欧洲央行管委Nagel：如有必要，可以迅速行动应对通胀风险','2026-03-22 02:44:37.638873');
INSERT INTO logs VALUES(134,9,'info','Extracted RSS article: 华为将发布首款风冷散热手机','2026-03-22 02:44:37.641818');
INSERT INTO logs VALUES(135,9,'info','Extracted RSS article: 我国电动汽车充电基础设施总数达2101.0万个','2026-03-22 02:44:37.644736');
INSERT INTO logs VALUES(136,9,'info','Extracted RSS article: LiblibAI发布AI视频创作平台LibTV','2026-03-22 02:44:37.649487');
INSERT INTO logs VALUES(137,9,'info','Extracted RSS article: 胖东来正与酒鬼酒洽谈600元新品','2026-03-22 02:44:37.653122');
INSERT INTO logs VALUES(138,9,'info','Extracted RSS article: 马斯克：Optimus+PV将是首个冯诺依曼探测器','2026-03-22 02:44:37.656895');
INSERT INTO logs VALUES(139,9,'info','Extracted RSS article: 雷军官宣：XiaomiMiMo首周限免开放','2026-03-22 02:44:37.660633');
INSERT INTO logs VALUES(140,9,'info','Crawl completed: {''total'': 30, ''success'': 30, ''failed'': 0}','2026-03-22 02:44:37.662951');
INSERT INTO logs VALUES(141,10,'info','Starting crawl for rule: Twitter/X 推文流, render: http, content_type: json','2026-03-22 03:01:53.291998');
INSERT INTO logs VALUES(142,10,'info','Fetching URL: https://twitter-push-service.qingo.workers.dev/api/tweets, content_type: json','2026-03-22 03:01:53.292950');
INSERT INTO logs VALUES(143,10,'info','Extracted 1 items, first item keys: [''success'', ''count'', ''since'', ''data'']','2026-03-22 03:01:55.921199');
INSERT INTO logs VALUES(144,10,'info','Crawl completed: {''total'': 1, ''success'': 0, ''failed'': 1}','2026-03-22 03:01:55.924884');
INSERT INTO logs VALUES(145,11,'info','Starting crawl for rule: Twitter/X 推文流, render: http, content_type: json','2026-03-22 03:02:48.624003');
INSERT INTO logs VALUES(146,11,'info','Fetching URL: https://twitter-push-service.qingo.workers.dev/api/tweets, content_type: json','2026-03-22 03:02:48.624921');
INSERT INTO logs VALUES(147,11,'info','Extracted 1 items, first item keys: [''success'', ''count'', ''since'', ''data'']','2026-03-22 03:02:52.172143');
INSERT INTO logs VALUES(148,11,'info','Crawl completed: {''total'': 1, ''success'': 0, ''failed'': 1}','2026-03-22 03:02:52.176526');
INSERT INTO logs VALUES(149,12,'info','Extracted 1 items, first item keys: [''success'', ''count'', ''since'', ''data'']','2026-03-22 03:04:47.096811');
INSERT INTO logs VALUES(150,13,'info','Starting crawl for rule: Twitter/X 推文流, render: http, content_type: json','2026-03-22 03:06:04.021181');
INSERT INTO logs VALUES(151,13,'info','Fetching URL: https://twitter-push-service.qingo.workers.dev/api/tweets, content_type: json','2026-03-22 03:06:04.022126');
INSERT INTO logs VALUES(152,13,'info','Extracted 87 items, first item keys: [''id'', ''url'', ''username'', ''text'', ''createdAt'', ''likeCount'', ''retweetCount'', ''replyCount'', ''quoteCount'', ''viewCount'', ''bookmarkCount'', ''source'', ''lang'', ''isReply'', ''inReplyToId'', ''inReplyToUsername'', ''conversationId'', ''entities_urls_expanded'', ''entities_urls'']','2026-03-22 03:06:06.719088');
INSERT INTO logs VALUES(153,13,'info','Extracted API article: RT @elonmusk: Formal announcement of the TERAFAB project, which will be done jointly by @SpaceX and @Tesla, tonight around 8pm CT. Livestre…','2026-03-22 03:06:06.728097');
INSERT INTO logs VALUES(154,13,'info',unistr('Extracted API article: @MZ77778 حياك الله 🌷\u000aعيدكم مبارك وينعاد عليكم بالخير 💜 \u000aمتواجدين دائمًا لخدمتكم وتحقيق رضاكم 🙏🏻\u000aيسعدنا التواصل معكم عبر الرسائل الخاصة وأبشر برضاك\u000ahttps://t.co/BQ84cJd1YB'),'2026-03-22 03:06:06.731354');
INSERT INTO logs VALUES(155,13,'info',unistr('Extracted API article: Formal announcement of the TERAFAB project, which will be done jointly by @SpaceX and @Tesla, tonight around 8pm CT. Livestream on 𝕏.\u000a\u000aThe goal is to produce over a TERAWATT of compute per year (logic, memory &amp; packaging) with ~80% for space and ~20% for the ground.'),'2026-03-22 03:06:06.735048');
INSERT INTO logs VALUES(156,13,'info',unistr('Extracted API article: @Ioook166802 حياك الله 🌷\u000aعيدكم مبارك وينعاد عليكم بالخير 💜 \u000aمتواجدين دائمًا لخدمتكم وتحقيق رضاكم 🙏🏻\u000aيسعدنا التواصل معكم عبر الرسائل الخاصة وأبشر برضاك\u000ahttps://t.co/BQ84cJd1YB'),'2026-03-22 03:06:06.737464');
INSERT INTO logs VALUES(157,13,'info','Extracted API article: @ardiejua1 Sebagai informasi, jika nomor berada di masa tenggang, maka pelanggan tinggal beli pulsa Telkomsel saja, lalu nomor akan aktif kembali. Info lengkapnya bisa cek disini https://t.co/5XZy4O3m11 🙏','2026-03-22 03:06:06.739816');
INSERT INTO logs VALUES(158,13,'info',unistr('Extracted API article: @AlmjydBd99396 حياك الله أ. عبدالمجيد 🌷\u000aعيدكم مبارك وينعاد عليكم بالخير 💜 \u000aمتواجدين دائمًا لخدمتكم وتحقيق رضاكم 🙏🏻\u000aيسعدنا التواصل معكم عبر الرسائل الخاصة وأبشر برضاك\u000ahttps://t.co/BQ84cJd1YB'),'2026-03-22 03:06:06.741983');
INSERT INTO logs VALUES(159,13,'info',unistr('Extracted API article: @abomohmeed17 حياك الله 🌷\u000aعيدكم مبارك وينعاد عليكم بالخير 💜 \u000aمتواجدين دائمًا لخدمتكم وتحقيق رضاكم 🙏🏻\u000aيسعدنا التواصل معكم عبر الرسائل الخاصة وأبشر برضاك\u000ahttps://t.co/BQ84cJd1YB'),'2026-03-22 03:06:06.743921');
INSERT INTO logs VALUES(160,13,'info',unistr('Extracted API article: @9URBckrM1wpUudF حياك الله 🌷\u000aعيدكم مبارك وينعاد عليكم بالخير 💜\u000aعروضنا مميزة عشأن نكسب رضاكم\u000aيمكنك الاطلاع على عروضنا لباقات المفوتر المميزة من خلال الرابط 👇\u000ahttps://t.co/ZpqXGa9DnX\u000aكما يمكنك الاطلاع على عروضنا لباقات مسبق الدفع من الرابط 👇\u000ahttps://t.co/FcMGNKTLQQ\u000aومزيد من العروض عبر (1/2)'),'2026-03-22 03:06:06.748262');
INSERT INTO logs VALUES(161,13,'info','Extracted API article: @9URBckrM1wpUudF تطبيق mystc 😎 (2/2)','2026-03-22 03:06:06.751330');
INSERT INTO logs VALUES(162,13,'info','Extracted API article: @business Something is deeply wrong with our justice system','2026-03-22 03:06:06.754732');
INSERT INTO logs VALUES(163,13,'info',unistr('Extracted API article: @qinkqonk Halo Kak @qinkqonk, terima kasih sudah bantu rekomendasikan🙏\u000aSebagai tambahan, setiap pelanggan memiliki kebutuhan dan preferensi yang berbeda, baik prabayar maupun pascabayar. Kami akan tetap bantu memastikan kendala yang disampaikan Kak Maudy bisa ditangani dengan baik agar layanan kembali nyaman digunakan.\u000aSemoga informasinya membantu ya Kak 😊 -Rima'),'2026-03-22 03:06:06.757703');
INSERT INTO logs VALUES(164,13,'info',unistr('Extracted API article: @Alghamdimydream حياك الله 💜\u000aتشرفنا بالتواصل معك عبر الخاص \u000a  طابت أوقاتك بكل خير 💜'),'2026-03-22 03:06:06.759692');
INSERT INTO logs VALUES(165,13,'info','Extracted API article: Big difference','2026-03-22 03:06:06.761553');
INSERT INTO logs VALUES(166,13,'info',unistr('Extracted API article: @valotx02 حياك الله  استاذي      🌷\u000aتشرفنا بالتواصل معك عبر الرسائل الخاصة 📩\u000aعيدكم مبارك وأيامكم سعيدة💜'),'2026-03-22 03:06:06.763325');
INSERT INTO logs VALUES(167,13,'info',unistr('Extracted API article: @king1628 حياك الله 🌷 \u000aلقد تشرفنا بالرد عليك عبر الرسائل الخاصة . \u000a\u000aشكرا لتواصلك معنا , دُمت بود 💜'),'2026-03-22 03:06:06.765459');
INSERT INTO logs VALUES(168,13,'info','Extracted API article: @JessePeltan Yeah','2026-03-22 03:06:06.767456');
INSERT INTO logs VALUES(169,13,'info','Extracted API article: @dionysus2019 @iPoopBased Hai Kak @dionysus2019. Kami informasikan untuk masa aktif paket itu tersedia dari harian, mingguan, 28 hari hingga 30 hari. Jadi Kakak bisa pilih paketnya sesuai dengan kebutuhan di aplikasi MyTelkomsel ya. Terima kasih 😊 -Arca','2026-03-22 03:06:06.769456');
INSERT INTO logs VALUES(170,13,'info',unistr('Extracted API article: @saud_al_qht حياك الله أستاذي \u000aعيدكم مبارك  🌷\u000aطال عمرك تشرفنا بالرد عبر الرسائل الخاصة \u000aشكراً لتواصلك معنا 💜'),'2026-03-22 03:06:06.771520');
INSERT INTO logs VALUES(171,13,'info','Extracted API article: @MasMan02 @Mmmadaaa @MiskinTV_ @MasMan02 Hai, Kak Man. Mohon maaf ya. Silakan infoin detail gangguan yang Kakak alami ke DM, Qiya akan bantu dengan solusi yang tepat dan kakak jadi nyaman pake Telkomselnya. Terima kasih😊-Qiya','2026-03-22 03:06:06.773774');
INSERT INTO logs VALUES(172,13,'info',unistr('Extracted API article: @HemoY20 حياك الله استاذي    🌷\u000aولا يهمك راح نقدم لك كامل الدعم والمساعدة لأجل حل الإشكالية اللي تواجهك 🙏\u000a\u000a  ننتظر تواصلك معنا عبر الخاص 📩\u000aعيدكم مبارك وأيامكم سعيدة💜\u000a\u000a  https://t.co/BQ84cJd1YB'),'2026-03-22 03:06:06.775836');
INSERT INTO logs VALUES(173,13,'info','Extracted API article: @secretbutmain_ @secretbutmain_ Tenang Kak, mohon maaf ya, udah coba cek menu “Beli Paket” di MyTelkomsel belum? masih banyak paket dengan masa aktif 30 hari dan paket menarik lainnya 🙏 -Qiya','2026-03-22 03:06:06.777737');
INSERT INTO logs VALUES(174,13,'info','Extracted API article: @chupachupsiy Baik Kak @chupachupsiy cek berkala untuk respon DM nya ya, terima kasih 😊-Nala','2026-03-22 03:06:06.779740');
INSERT INTO logs VALUES(175,13,'info',unistr('Extracted API article: @Dktbr حياك الله استاذي🌷\u000aمتواجدين دائمًا لخدمتكم وتحقيق رضاكم \u000aيسعدنا التواصل معكم عبر الرسائل الخاصة ومالك إلا اللي يرضيك 💜\u000aعيدكم مبارك وأيامكم سعيدة💜\u000a  https://t.co/BQ84cJd1YB'),'2026-03-22 03:06:06.781962');
INSERT INTO logs VALUES(176,13,'info','Extracted API article: @callejap Hi Patricia. Sorry to hear about the service issues you are having. If you can send us a DM, we can assess this matter further from there. - Kyri','2026-03-22 03:06:06.785071');
INSERT INTO logs VALUES(177,13,'info','Extracted API article: @chupachupsiy Pagi, Kak. Selamat merayakan hari raya idul Fitri mohon maaf lahir dan batin ya. Untuk DM Kakak @chupachupsiy akan segera direspon. Mohon berkenan menunggu. Terima Kasih 😊 -Arca','2026-03-22 03:06:06.788156');
INSERT INTO logs VALUES(178,13,'info',unistr('Extracted API article: @epr2030 حياك الله \u000aتشرفنا بالتواصل معك عبر الخاص \u000a  طابت أوقاتك بكل خير 💜'),'2026-03-22 03:06:06.790539');
INSERT INTO logs VALUES(179,13,'info','Extracted API article: @sikucinkk Kak @sikucinkk, mohon maaf atas kendala akses Netflix-nya. Untuk kendalanya Kami bantu pengecekan lebih lanjut ya Kak. Untuk prosesnya, Kakak dapat konfirmasi ke DM serta infokan nomor Telkomsel-nya. Kami tunggu di DM Kak 🙏 -Cun','2026-03-22 03:06:06.792503');
INSERT INTO logs VALUES(180,13,'info',unistr('Extracted API article: @besoo_1990 وعليكم السلام ورحمة الله وبركاته \u000aحياك الله أ باسل 🌷 \u000aلقد تشرفنا بالرد عليك عبر الرسائل الخاصة . \u000a\u000aشكرا لتواصلك معنا , دُمت بود 💜'),'2026-03-22 03:06:06.794583');
INSERT INTO logs VALUES(181,13,'info','Extracted API article: @sunfl00wr_ @unmagnetism @sunfl00wr_ Mohon Maaf Kak. Qiya saranin Kakak juga bisa aktivasi langganan Call Manager dengan download aplikasinya di playstore atau appstore yaa. Info lebih lengkapnya bisa cek https://t.co/wRfQzz7agV 😊-Qiya','2026-03-22 03:06:06.797411');
INSERT INTO logs VALUES(182,13,'info',unistr('Extracted API article: @epr2030 حياك الله أستاذي \u000aعيدكم مبارك  🌷\u000aطال عمرك تشرفنا بالرد عبر الرسائل الخاصة \u000aشكراً لتواصلك معنا 💜'),'2026-03-22 03:06:06.799893');
INSERT INTO logs VALUES(183,13,'info',unistr('Extracted API article: @Hilal00998 وعليكم السلام \u000a حياك الله أستاذي \u000aعيدكم مبارك  🌷\u000aطال عمرك تشرفنا بالرد عبر الرسائل الخاصة \u000aشكراً لتواصلك معنا 💜'),'2026-03-22 03:06:06.801815');
INSERT INTO logs VALUES(184,13,'info',unistr('Extracted API article: @theBrynX_ @LauraMex @theBrynX_ Hola. ¡Bienvenido a su casa Telcel 🏡 Por favor envíanos un mensaje en privado para poder iniciar nuestra conversación por vía privada, quedamos en espera de su respuesta.\u000aGracias por contactarnos a su casa Telcel le atendió E T de Redes Sociales 🙋‍♂️ Telcel 📶'),'2026-03-22 03:06:06.803869');
INSERT INTO logs VALUES(185,13,'info','Extracted API article: @GatotArdian @MyTelkomselApp @GatotArdian Hai, Kak Gatot. Mohon maaf ya. Buat kendalanya bisa Qiya bantu di DM ya Kak. Qiya saranin untuk Nomor Internetnya tidak berkenan di share ke publik untuk menghindari penggunaan data yang tidak diinginkan, untuk itu bisa Kakak hapus yaa dan lanjut ke DM🙏- Qiya','2026-03-22 03:06:06.805619');
INSERT INTO logs VALUES(186,13,'info',unistr('Extracted API article: @claduza @claduza Buenas tardes Elizabeth. Bienvenido a tu casa Telcel te asiste E.C.\u000a\u000aPermítenos ayudarte, compártenos un DM con los detalles y a la brevedad te responderemos.\u000a\u000aGracias por contactarnos a tu casa Telcel. Te asiste E.C. de Redes Sociales.'),'2026-03-22 03:06:06.807602');
INSERT INTO logs VALUES(187,13,'info',unistr('Extracted API article: @Fog2435 وعليكم السلام ورحمة الله وبركاته \u000aمساء الخير 🌷\u000a\u000aمتواجدين دائمًا لخدمتكم وتحقيق رضاكم 🙏🏻\u000a\u000aيسعدنا التواصل معكم عبر الرسائل الخاصة ومالك إلا اللي يرضيك 💜\u000a\u000a  https://t.co/BQ84cJd1YB'),'2026-03-22 03:06:06.809561');
INSERT INTO logs VALUES(188,13,'info','Extracted API article: RT @dogeofficialceo: https://t.co/cRyP4BfFmK','2026-03-22 03:06:06.811552');
INSERT INTO logs VALUES(189,13,'info',unistr('Extracted API article: RT @XFreeze: It’s actually insane what SpaceX is doing to the space industry right now\u000a\u000aIn 1981, it cost ~$65,000 to put 1 kg into orbit\u000aFo…'),'2026-03-22 03:06:06.814036');
INSERT INTO logs VALUES(190,13,'info',unistr('Extracted API article: RT @JessePeltan: “China quality bad” is weapons grade cope.\u000a\u000aThe fact is that China has a grid that powers the largest manufacturing base t…'),'2026-03-22 03:06:06.818489');
INSERT INTO logs VALUES(191,13,'info','Extracted API article: RT @TAmTrib: "Your artificial meritocracy of Excel spreadsheets is propped up by millions of Americans with guns protecting you from the na…','2026-03-22 03:06:06.820884');
INSERT INTO logs VALUES(192,13,'info','Extracted API article: @JessePeltan This is cool','2026-03-22 03:06:06.822730');
INSERT INTO logs VALUES(193,13,'info',unistr('Extracted API article: RT @_SFTahoe: Changing Fiction to Reality\u000aThe Space Race will force us to drop the word “fiction” from so many things that used to be just…'),'2026-03-22 03:06:06.824581');
INSERT INTO logs VALUES(194,13,'info','Extracted API article: @p_ferragu 😂','2026-03-22 03:06:06.826635');
INSERT INTO logs VALUES(195,13,'info',unistr('Extracted API article: @591974 حياك الله 🌷\u000aتم انتهاء مسابقة يوم التاسيس وجميع المشاركين فيها تم دخولهم للسحب و الان يمكن لكل عميل يحمل التطبيق و يسجل برقمه يتم دخوله للسحب بدون سؤال\u000aدمت بخير 💜'),'2026-03-22 03:06:06.828709');
INSERT INTO logs VALUES(196,13,'info',unistr('Extracted API article: @MwjbH48 حياك الله 💜\u000aتشرفنا بالتواصل معك عبر الخاص \u000a  طابت أوقاتك بكل خير 💜'),'2026-03-22 03:06:06.831216');
INSERT INTO logs VALUES(197,13,'info','Extracted API article: RT @Adams_Tech_AI: @cb_doge Elon❤️ https://t.co/qemPmOoNPg','2026-03-22 03:06:06.833268');
INSERT INTO logs VALUES(198,13,'info','Extracted API article: RT @cb_doge: https://t.co/LuzS4qvPe1','2026-03-22 03:06:06.835471');
INSERT INTO logs VALUES(199,13,'info',unistr('Extracted API article: @AH00400 وعليكم السلام ورحمة الله وبركاته\u000aحياك الله  استاذي  🌷\u000aتشرفنا بالتواصل معك عبر الرسائل الخاصة 📩\u000aعيدكم مبارك وأيامكم سعيدة💜'),'2026-03-22 03:06:06.837443');
INSERT INTO logs VALUES(200,13,'info',unistr('Extracted API article: @Elegrumpy @Elegrumpy Hola, Elena.\u000a\u000aPor favor envíanos un mensaje vía DM para poder iniciar nuestra conversación y brindarte la asesoría que necesitas. Quedamos en espera de tu respuesta.\u000a\u000aTe asiste JJ // RRSS.'),'2026-03-22 03:06:06.839374');
INSERT INTO logs VALUES(201,13,'info',unistr('Extracted API article: @KatGonzalezArt @KatGonzalezArt Hola   buenos días   es un gusto poder atenderte,  te hemos enviado  un DM, por  privado, para poder dar seguimiento a tu solicitud, estamos para apoyarte.\u000a \u000a🦋Espero tengas un excelente día🦋\u000a  Te atendió L.C 🦋❤✨👀'),'2026-03-22 03:06:06.841228');
INSERT INTO logs VALUES(202,13,'info','Extracted API article: @Resypto @TheLOTRMemes 😂','2026-03-22 03:06:06.842947');
INSERT INTO logs VALUES(203,13,'info','Extracted API article: RT @liam_out_loud: “We seem to be getting closer and closer to a situation where nobody is responsible for what they did but we are all res…','2026-03-22 03:06:06.844523');
INSERT INTO logs VALUES(204,13,'info','Extracted API article: @ArtemisConsort This does seem like a fraudulent banking situation','2026-03-22 03:06:06.846137');
INSERT INTO logs VALUES(205,13,'info','Extracted API article: @the_shagman I’m sorry to hear that. If you use the link below, it should allow you to send us a message from there. Let us know how this goes. – Kyri https://t.co/NImyk6wecf','2026-03-22 03:06:06.847988');
INSERT INTO logs VALUES(206,13,'info','Extracted API article: @queerangi Benar Kak, penawaran paket di aplikasi MyTelkomsel sangat beragam termasuk masih tersedia paket dgn masa aktif 30 hari yang bisa kakak aktifin sesuai kebutuhannya ya. 😊 -Garra','2026-03-22 03:06:06.849688');
INSERT INTO logs VALUES(207,13,'info','Extracted API article: @nyxcelestials Mohon maaf, Kak. Untuk blokir panggilan dari nomor tidak dikenal otomatis dan tidak manual satu-persatu, Kakak bisa Block from unknown number/from stranger/Silence Unknown Callers di pengaturan HP sehingga nomor yang tidak ada di kontak akan otomatis terblokir🙏 -Garra','2026-03-22 03:06:06.851355');
INSERT INTO logs VALUES(208,13,'info','Extracted API article: RT @TRHLofficial: I’ll take the AI that doesn’t bIow everything up over pronouns tyvm','2026-03-22 03:06:06.853420');
INSERT INTO logs VALUES(209,13,'info','Extracted API article: @EMostaque Time for cybernetic cognitive superpowers','2026-03-22 03:06:06.855442');
INSERT INTO logs VALUES(210,13,'info','Extracted API article: @the_shagman I can definitely understand the hassles caused. Nonetheless, if you were to still send us a DM, we can look to follow up on this matter for you. - Kyri','2026-03-22 03:06:06.857180');
INSERT INTO logs VALUES(211,13,'info','Extracted API article: @mark_k @xai I very much agree','2026-03-22 03:06:06.858814');
INSERT INTO logs VALUES(212,13,'info','Extracted API article: @JessePeltan True','2026-03-22 03:06:06.860415');
INSERT INTO logs VALUES(213,13,'info','Extracted API article: @IvanDanojlic Dobro veče, provere po prijavljenoj smetnji su u toku, kolege iz nadležne službe će Vas obavestiti u najkraćem mogućem roku, ljubazno Vas molimo za strpljenje.','2026-03-22 03:06:06.862007');
INSERT INTO logs VALUES(214,13,'info',unistr('Extracted API article: Bu yarışta kurallar basit: Bol kahkaha, bol heyecan, bol neşe! 😇\u000a\u000aDijital Bahar rotasında Eskişehir Huzurevi’nde, büyüklerimizle birlikte eğlencenin temposunu artırıyor; her virajda biraz daha eğleniyor, her anı birlikte yaşıyoruz. 🏁 https://t.co/aQF0aHPGhr'),'2026-03-22 03:06:06.863606');
INSERT INTO logs VALUES(215,13,'info','Extracted API article: @amaliaaakkk Mohon maaf ya Kak @amaliaaakkk🙏🏻 Terkait kendala sinyalnya, silakan infokan nomor hp yg berkendala, tgl kejadian dan lokasi (Kecamatan dan Kota) di DM agar privasi terjaga. Terima kasih😊-Bian','2026-03-22 03:06:06.865157');
INSERT INTO logs VALUES(216,13,'info','Extracted API article: @bogie_reyzha @bogie_reyzha Kami bisa rekomendasikan paket-paket yg murah dan cocok untuk Kak Reyzha. Tolong infokan No. HP via DM ya. Makasiih 😊 - Fio','2026-03-22 03:06:06.866728');
INSERT INTO logs VALUES(217,13,'info','Extracted API article: RT @ITU: New @ITU framework ION‑2030 to guide optical connectivity in the AI age, supporting 6G networks, data centres, broadband, home net…','2026-03-22 03:06:06.868317');
INSERT INTO logs VALUES(218,13,'info','Extracted API article: @gebarreran @Telefonia_S @gebarreran Hola, Gilberto. Permítenos apoyarte por este medio; para cualquier duda o aclaración, contáctanos vía DM. Adicional, compártenos número a 10 dígitos y nombre completo del titular. Te asiste D.C.','2026-03-22 03:06:06.869985');
INSERT INTO logs VALUES(219,13,'info',unistr('Extracted API article: البنيون راه يستنى فيكم بصح العرض تاع Ooredoo  ما يستناش!\u000aاستفيدوا من10Go  بـ 190 دج برك وابقاو كونيكتي مع الحباب طول العيد. https://t.co/9kOOBKDATs'),'2026-03-22 03:06:06.872032');
INSERT INTO logs VALUES(220,13,'info','Extracted API article: @Luminova_3 @iPoopBased @triindonesia @Luminova_3 Kak Nova, maaf ya, Telkomsel selalu melakukan pembaruan penawaran paket pada waktu-waktu tertentu agar sesuai dengan profil pelanggan. Cek di aplikasi MyTelkomsel Kak buat lihat penawaran yang sesuai kebutuhan Kakak. Terima kasih 😊-Gea','2026-03-22 03:06:06.873956');
INSERT INTO logs VALUES(221,13,'info','Extracted API article: @openwheni @iPoopBased Halo, mohon maaf Kak @openwheni. Untuk kendala seputar layanan by.U, silakan langsung DM ke @byu_id ya. Terima kasih  😊-Zidane','2026-03-22 03:06:06.875627');
INSERT INTO logs VALUES(222,13,'info','Extracted API article: @AchChakim @unmagnetism Hi Kak @AchChakim. Untuk proses reaktivasi nomor, Kakak dapat coba dulu melalui *888*89#. Kalau terkendala, Kakak dapat infokan nomor Telkomsel-nya ke DM biar bisa segera dibantu lebih lanjut. Terima kasih 😊 -Cun','2026-03-22 03:06:06.877211');
INSERT INTO logs VALUES(223,13,'info','Extracted API article: @SudewoKTT @iPoopBased @SudewoKTT Paket Telkomsel sangat beragam Kak Sudewo, ada yg masa aktifnya 1 hari, 3, 7, 28 &amp; 30 hari. Benefitnya juga beragam, silakan pilih dan beli paket sesuai kebutuhan. Saat ini masih banyak pilihan paket dengan masa aktif 30 hari. Makasiih 😊 - Fio','2026-03-22 03:06:06.878813');
INSERT INTO logs VALUES(224,13,'info','Extracted API article: @yemT__T @yemT__T Jangan malas ya Kak Yemima, pasti nanti akan dibantu perbaikan kok. Yuk bisa infokan datanya ke DM ya Kak. Terima kasih 🙏-Gea','2026-03-22 03:06:06.880570');
INSERT INTO logs VALUES(225,13,'info','Extracted API article: @eathislutt @iyaasans Gudnite Kak @eathislutt. Kakak bisa aktivasi paket sesuai kebutuhan yang tersedia di aplikasi MyTelkomsel ya  😊-Zidane','2026-03-22 03:06:06.882372');
INSERT INTO logs VALUES(226,13,'info',unistr('Extracted API article: @thelittledog_mx @CerebrosG @thelittledog_mx Bienvenido a su casa Telcel. 🎭\u000a\u000aCon gusto podemos apoyarte con tu solicitud, solo te pedimos escribirnos por DM para darle seguimiento.\u000a\u000aGracias por contactarnos a su casa Telcel le atendió JM de RS. 🏈'),'2026-03-22 03:06:06.884047');
INSERT INTO logs VALUES(227,13,'info','Extracted API article: @thelittlebyul @thelittlebyul  Por favor permítenos apoyarte con tu solicitud. Para darte una mejor atención escríbenos por mensaje privado, esperamos que puedas seguir nuestra conversación en inbox para dar seguimiento a este tema.','2026-03-22 03:06:06.886357');
INSERT INTO logs VALUES(228,13,'info',unistr('Extracted API article: This is what it looks like when AI actually works in a dealership.\u000a\u000aRoman at All Things Automotive chose Podium over hiring another salesperson and saw immediate results:\u000a\u000a⚡ faster responses\u000a📅 more appointments\u000a🔥 more energy on the floor\u000a\u000aTake a listen 🎧\u000a\u000aYouTube: https://t.co/3j8LCaMgLQ\u000aApple Podcasts: https://t.co/miEzpCvxFc\u000aSpotify: https://t.co/8fqTC1FrAX'),'2026-03-22 03:06:06.888060');
INSERT INTO logs VALUES(229,13,'info',unistr('Extracted API article: @Lukabear3 @adriandelmar20 @Lukabear3 \u000a¡Hola, Lukabear! 🌌\u000aEscríbenos a través de nuestras redes oficiales en Facebook, Instagram o X para brindarte la atención que requieres.\u000aOA'),'2026-03-22 03:06:06.889938');
INSERT INTO logs VALUES(230,13,'info','Extracted API article: @TamaraSuhey @TamaraSuhey  Por favor permítenos apoyarte con tu solicitud. Para darte una mejor atención escríbenos por mensaje privado, esperamos que puedas seguir nuestra conversación en inbox para dar seguimiento a este tema.','2026-03-22 03:06:06.892170');
INSERT INTO logs VALUES(231,13,'info','Extracted API article: @alvarez_no14424 @alvarez_no14424 Hola Noema, buen día, para poder atenderte, escríbenos vía DM, te asiste LR 🌠','2026-03-22 03:06:06.893954');
INSERT INTO logs VALUES(232,13,'info',unistr('Extracted API article: كل ولاية وعندها بْنّتها في العيد!\u000aأحكيولنافي التعليقات واش هي العادات والتقاليد اللي تميز منطقتكم نهار اليوم؟ https://t.co/pfb6pMdGY3'),'2026-03-22 03:06:06.895600');
INSERT INTO logs VALUES(233,13,'info','Extracted API article: @Rojolinda @Profeco @Rojolinda Le hemos enviado mensaje por DM; quedamos al pendiente por ese medio. Le asiste SSJ de RS.','2026-03-22 03:06:06.897673');
INSERT INTO logs VALUES(234,13,'info','Extracted API article: @Anyka72983823 @_Hxavydirtysxul @Anyka72983823 ¡Hola! 👋 no hemos podido escribirte mensaje directo, te pedimos nos escribas por DM para continuar ayudándote. Te asiste JQ RS. ✍🤖','2026-03-22 03:06:06.900752');
INSERT INTO logs VALUES(235,13,'info','Extracted API article: @kylar023 @jandroDmos @kylar023 Hola. Por favor permítenos apoyarte con el tema que presentas. Para darte una mejor atención te pedimos que nos envíes DM, esperamos que puedas seguir nuestra conversación en privado para dar seguimiento a este tema. Te atendió I.E de RRSS. 👻','2026-03-22 03:06:06.902582');
INSERT INTO logs VALUES(236,13,'info','Extracted API article: @Thepaserone @Thepaserone Hola. Por favor permítenos apoyarte con el tema que presentas. Para darte una mejor atención te pedimos que nos envíes DM, esperamos que puedas seguir nuestra conversación en privado para dar seguimiento a este tema. Te atendió I.E de RRSS. 👻','2026-03-22 03:06:06.904253');
INSERT INTO logs VALUES(237,13,'info',unistr('Extracted API article: @AllanMous Hey Allan, thanks for getting in touch with our Social Media Team. \u000a\u000aCould you please provide a few more details about the username and password you''re referring to? Are you looking for the login details for your modem, or for your My Optus account?\u000a\u000aYou can also check out the links below for both Mobile APN settings, and APN settings for Mobile Broadband and Home Wireless Broadband.\u000a\u000aMobile APN settings → https://t.co/ojd6yojENy\u000a\u000aAPN & technical settings for Mobile Broadband and Home Wireless Broadband → https://t.co/X68eeJ2jPs\u000a\u000a- Tam'),'2026-03-22 03:06:06.905938');
INSERT INTO logs VALUES(238,13,'info','Extracted API article: 🦙During a self-driving trip in #Xinjiang, China, a tourist unexpectedly encountered the “Three Musketeers” of alpacas—instantly turning the comment section into a showcase of AI-generated creativity. #alpacas #travel #AI #comedy #reelsfacebook #chinatravel https://t.co/JSV5vHiEwc','2026-03-22 03:06:06.907694');
INSERT INTO logs VALUES(239,13,'info','Extracted API article: Cielo enhances remote connectivity for POS terminals in Brazil using @thalesgroup #eSIM platform based on GSMA #SGP32, ensuring secure, resilient, and seamless payment processing - #IoT #InternetOfThings #IoTnews #IoTBusinessNews https://t.co/ZdP3uClPHQ via @iotbusinessnews https://t.co/Gg7NNLQCOJ','2026-03-22 03:06:06.910285');
INSERT INTO logs VALUES(240,13,'info','Crawl completed: {''total'': 87, ''success'': 87, ''failed'': 0}','2026-03-22 03:06:06.913116');
INSERT INTO logs VALUES(241,14,'info','Starting crawl for rule: 36氪资讯, render: http, content_type: xml','2026-03-22 03:06:16.466843');
INSERT INTO logs VALUES(242,14,'info','Fetching URL: https://36kr.com/feed, content_type: xml','2026-03-22 03:06:16.467951');
INSERT INTO logs VALUES(243,14,'info','Limited to 50 items (total available: 30)','2026-03-22 03:06:16.857203');
INSERT INTO logs VALUES(244,14,'info','Article already exists: https://36kr.com/p/3732100232298503?f=rss','2026-03-22 03:06:16.863948');
INSERT INTO logs VALUES(245,14,'info','Article already exists: https://36kr.com/p/3732001538490631?f=rss','2026-03-22 03:06:16.866772');
INSERT INTO logs VALUES(246,14,'info','Article already exists: https://36kr.com/p/3731378273828868?f=rss','2026-03-22 03:06:16.869238');
INSERT INTO logs VALUES(247,14,'info','Article already exists: https://36kr.com/p/3731169592918273?f=rss','2026-03-22 03:06:16.871283');
INSERT INTO logs VALUES(248,14,'info','Article already exists: https://36kr.com/p/3731096049795078?f=rss','2026-03-22 03:06:16.873099');
INSERT INTO logs VALUES(249,14,'info','Article already exists: https://36kr.com/p/3731094987407617?f=rss','2026-03-22 03:06:16.874898');
INSERT INTO logs VALUES(250,14,'info','Article already exists: https://36kr.com/p/3731048121647361?f=rss','2026-03-22 03:06:16.876708');
INSERT INTO logs VALUES(251,14,'info','Article already exists: https://36kr.com/p/3730996090192130?f=rss','2026-03-22 03:06:16.878418');
INSERT INTO logs VALUES(252,14,'info','Article already exists: https://36kr.com/p/3730644353286150?f=rss','2026-03-22 03:06:16.880045');
INSERT INTO logs VALUES(253,14,'info','Article already exists: https://36kr.com/p/3729647028960903?f=rss','2026-03-22 03:06:16.881549');
INSERT INTO logs VALUES(254,14,'info','Extracted RSS article: 软银计划在美国俄亥俄州建设5000亿美元的巨型AI数据中心','2026-03-22 03:06:16.886562');
INSERT INTO logs VALUES(255,14,'info','Extracted RSS article: 2026无锡马拉松鸣枪开跑 多人刷新马拉松项目个人最好成绩','2026-03-22 03:06:16.890132');
INSERT INTO logs VALUES(256,14,'info','Article already exists: https://36kr.com/newsflashes/3733475828695296?f=rss','2026-03-22 03:06:16.891637');
INSERT INTO logs VALUES(257,14,'info','Article already exists: https://36kr.com/newsflashes/3733492798095623?f=rss','2026-03-22 03:06:16.893021');
INSERT INTO logs VALUES(258,14,'info','Article already exists: https://36kr.com/newsflashes/3733474717204743?f=rss','2026-03-22 03:06:16.894449');
INSERT INTO logs VALUES(259,14,'info','Article already exists: https://36kr.com/newsflashes/3733433736544263?f=rss','2026-03-22 03:06:16.895876');
INSERT INTO logs VALUES(260,14,'info','Article already exists: https://36kr.com/newsflashes/3733430950510592?f=rss','2026-03-22 03:06:16.897509');
INSERT INTO logs VALUES(261,14,'info','Article already exists: https://36kr.com/newsflashes/3733429674868992?f=rss','2026-03-22 03:06:16.898941');
INSERT INTO logs VALUES(262,14,'info','Article already exists: https://36kr.com/newsflashes/3733429003616261?f=rss','2026-03-22 03:06:16.900259');
INSERT INTO logs VALUES(263,14,'info','Article already exists: https://36kr.com/newsflashes/3733421955760391?f=rss','2026-03-22 03:06:16.901470');
INSERT INTO logs VALUES(264,14,'info','Article already exists: https://36kr.com/newsflashes/3732477835346184?f=rss','2026-03-22 03:06:16.902670');
INSERT INTO logs VALUES(265,14,'info','Article already exists: https://36kr.com/newsflashes/3732458470441217?f=rss','2026-03-22 03:06:16.903862');
INSERT INTO logs VALUES(266,14,'info','Article already exists: https://36kr.com/newsflashes/3732458131783689?f=rss','2026-03-22 03:06:16.904996');
INSERT INTO logs VALUES(267,14,'info','Article already exists: https://36kr.com/newsflashes/3732456438481157?f=rss','2026-03-22 03:06:16.906129');
INSERT INTO logs VALUES(268,14,'info','Article already exists: https://36kr.com/newsflashes/3732454808436740?f=rss','2026-03-22 03:06:16.907248');
INSERT INTO logs VALUES(269,14,'info','Article already exists: https://36kr.com/newsflashes/3732454087786501?f=rss','2026-03-22 03:06:16.908284');
INSERT INTO logs VALUES(270,14,'info','Article already exists: https://36kr.com/newsflashes/3732452663804162?f=rss','2026-03-22 03:06:16.909318');
INSERT INTO logs VALUES(271,14,'info','Article already exists: https://36kr.com/newsflashes/3732449006502148?f=rss','2026-03-22 03:06:16.910367');
INSERT INTO logs VALUES(272,14,'info','Article already exists: https://36kr.com/newsflashes/3732441440665859?f=rss','2026-03-22 03:06:16.911448');
INSERT INTO logs VALUES(273,14,'info','Article already exists: https://36kr.com/newsflashes/3732411719794952?f=rss','2026-03-22 03:06:16.912483');
INSERT INTO logs VALUES(274,14,'info','Crawl completed: {''total'': 30, ''success'': 30, ''failed'': 0}','2026-03-22 03:06:16.914460');
CREATE INDEX ix_rules_id ON rules (id);
CREATE INDEX ix_rule_levels_id ON rule_levels (id);
CREATE INDEX ix_articles_id ON articles (id);
CREATE INDEX ix_jobs_id ON jobs (id);
CREATE INDEX ix_logs_id ON logs (id);
COMMIT;
